,admin2Name,Name (merged),ADM2_PCODE,lat,lon,,,,,,,
9,Abejorral,Abejorral,CO05002,5.789444444444444,-75.42805555555556,,,,,,,
10,Abriaquí,Abriaquí,CO05004,6.633333333333333,-76.06666666666666,,,,,,,
742,Acacías,Acacías,CO50006,3.9877777777777776,-73.75972222222222,,,,,,,
476,Acandí,Acandí,CO27006,8.533333333333333,-77.23333333333333,,,,,,,
1119,Acaricuara,Acaricuara,NA,0.7,-70.23333333333333,,,,,,,
676,"Acevedo, Huila",Acevedo,CO41006,1.81917,-75.8964,,,,,,,
182,"Achí, Bolívar",Achí,CO13006,8.566666666666666,-74.55,,,,,,,
535,Agua de Dios,Agrado,CO41013,4.378055555555555,-74.6738888888889,,,,,,,
451,Aguachica,Aguachica,CO20011,8.316666666666666,-73.63333333333334,,,,,,,
913,"Aguada, Santander",Aguada,CO68013,6.25,-73.46666666666667,,,,,,,
347,"Aguadas, Caldas",Aguadas,CO17013,5.616666666666667,-75.46666666666667,,,,,,,
390,Aguazul,Aguazul,CO85010,5.17306,-72.5547,,,,,,,
457,"Agustín Codazzi, Cesar",Agustín Codazzi,CO20013,10.036666666666667,-73.23694444444445,,,,,,,
678,Aipe,Aipe,CO41016,3.216666666666667,-75.23333333333333,,,,,,,
771,Albán,Albán,CO25019,1.474444,-77.083611,,,,,,,
536,"Albán, Cundinamarca",Albán,CO52019,4.878333333333334,-74.43833333333333,,,,,,,
374,"Albania, Caquetá",Albania,CO18029,1.33167,-75.8822,,,,,,,
650,"Albania, La Guajira",Albania,CO44035,11.1597,-72.5856,,,,,,,
914,"Albania, Santander",Albania,CO68020,5.76139,-73.9178,,,,,,,
1071,"Alcalá, Valle del Cauca",Alcalá,CO76020,4.666666666666667,-75.75,,,,,,,
772,Aldana,Aldana,CO52022,0.8833333333333333,-77.7,,,,,,,
11,Alejandría,Alejandría,CO05021,6.376944444444444,-75.14111111111112,,,,,,,
712,"Algarrobo, Magdalena",Algarrobo,CO47030,10.1,-74.2667,,,,,,,
679,"Algeciras, Huila",Algeciras,CO41020,2.533333333333333,-75.31666666666666,,,,,,,
409,"Almaguer, Cauca",Almaguer,CO19022,1.9166666666666665,-76.86666666666666,,,,,,,
224,"Almeida, Boyacá",Almeida,CO15022,4.966666666666667,-73.38333333333334,,,,,,,
1025,"Alpujarra, Tolima",Alpujarra,CO73024,3.4166666666666665,-74.91666666666667,,,,,,,
680,"Altamira, Huila",Altamira,CO41026,2.06278,-75.7872,,,,,,,
477,Alto Baudó,Alto Baudó,CO27025,5.533333333333333,-77,,,,,,,
183,Altos del Rosario,Altos del Rosario,CO13030,8.8,-74.16666666666667,,,,,,,
1026,"Alvarado, Tolima",Alvarado,CO73026,4.566666666666666,-74.95,,,,,,,
12,Amagá,Amagá,CO05030,6.05,-75.7,,,,,,,
13,"Amalfi, Antioquia",Amalfi,CO05031,6.916666666666667,-75.08333333333333,,,,,,,
1027,Ambalema,Ambalema,CO73030,4.783333333333333,-74.76666666666667,,,,,,,
342,Ámbita,Úmbita,CO15842,5.216666666666667,-73.46666666666667,,,,,,,
537,Anapoima,Anapoima,CO25035,4.550277777777778,-74.53611111111111,,,,,,,
773,Ancuya,Ancuya,CO52036,1.2666666666666666,-77.53333333333333,,,,Úmbita,CO15842,,
1072,"Andalucía, Valle del Cauca",Andalucía,CO76036,4.166666666666667,-76.16666666666667,,,,,,,
14,"Andes, Antioquia",Andes,CO05034,5.583333333333333,-75.91666666666667,,,,,,,
15,Angelópolis,Angelópolis,CO05036,6.133333333333334,-75.7,,,,,,,
16,"Angostura, Antioquia",Angostura,CO05038,6.866666666666667,-75.33333333333333,,,,,,,
538,Anolaima,Anolaima,CO25040,4.761738888888889,-74.46401666666667,,,,,,,
17,Anorí,Anorí,CO05040,7.073611111111111,-75.14583333333334,,,,,,,
348,"Anserma, Caldas",Anserma,CO17042,5.238091666666667,-75.78404166666667,,,,,,,
1073,Ansermanuevo,Ansermanuevo,CO76041,4.8,-76,,,,,,,
1028,"Anzoátegui, Tolima",Anzoátegui,CO73043,4.63389,-75.0972,,,,,,,
19,Apartadó,Apartadó,CO05045,7.883333333333333,-76.63333333333334,,,,,,,
898,"Apía, Risaralda",Apía,CO66045,5.1,-75.95,,,,,,,
539,Apulo,Apulo,CO25599,4.520833333333333,-74.59861111111111,,,,,,,
225,"Aquitania, Boyacá",Aquitania,CO15047,5.583333333333333,-72.83333333333333,,,,,,,
713,Aracataca,Aracataca,CO47053,10.593694444444445,-74.19280833333333,,,,,,,
349,"Aranzazu, Caldas",Aranzazu,CO17050,5.3,-75.45,,,,,,,
915,Aratoca,Aratoca,CO68051,6.7,-73.01666666666667,,,,,,,
133,"Arauca, Arauca",Arauca,CO81001,7.090277777777778,-70.76166666666667,,,,,,,
134,Arauquita,Arauquita,CO81065,7.03028,-71.4356,,,,,,,
540,Arbeláez,Arbeláez,CO25053,4.272222222222222,-74.41555555555556,,,,,,,
774,Arboleda,Arboleda,CO52051,1.50333,-77.0878,,,,,,,
835,Arboledas,Arboledas,CO54051,7.666666666666667,-72.75,,,,,,,
20,Arboletes,Arboletes,CO05051,8.851666666666667,-76.42833333333334,,,,,,,
226,Arcabuco,Arcabuco,CO15051,5.75,-73.43333333333334,,,,,,,
21,"Argelia, Antioquia",Argelia,CO05055,5.7425,-75.1463888888889,,,,,,,
410,"Argelia, Cauca",Argelia,CO19050,2.243055555555556,-77.2786111111111,,,,,,,
1074,"Argelia, Valle del Cauca",Argelia,CO76054,4.666666666666667,-76.66666666666667,,,,,,,
714,Ariguaní,Ariguaní,CO47058,9.85,-74.2386,,,,,,,
22,"Armenia, Antioquia",Armenia,CO05059,6.156388888888889,-75.78722222222223,,,,,,,
1029,Armero,Armero,CO73055,4.963333333333334,-74.90555555555557,,,,,,,
452,"Astrea, Cesar",Astrea,CO20032,9.5,-73.98333333333333,,,,,,,
1030,Ataco,Ataco,CO73067,3.6,-75.38333333333334,,,,,,,
639,Ática,Útica,CO25851,5.183333333333334,-74.48333333333333,,,,,,,
478,Atrato,Atrato,CO27050,10.066666666666666,-74.2,,,,,,,
506,Ayapel,Ayapel,CO23068,8.316666666666666,-75.15,,,,,,,
479,Bagadó,Bagadó,CO27073,5.416666666666667,-76.41666666666667,,,,,,,
480,Bahía Solano,Bahía Solano,CO27075,6.216666666666667,-77.4,,,,,,,
481,Bajo Baudó,Bajo Baudó,CO27077,4.95,-77.36666666666666,,,,,,,
411,"Balboa, Cauca",Balboa,CO19075,2.043611111111111,-77.21972222222223,,,,,,,
899,"Balboa, Risaralda",Balboa,CO66075,4.9166694444444445,-75.95,,,,,,,
140,Baranoa,Baranoa,CO08078,10.8,-74.91666666666667,,,,,,,
681,Baraya,Baraya,CO41078,3.1530555555555555,-75.0525,,,,,,,
775,"Barbacoas, Nariño",Barbacoas,CO52079,1.6716666666666664,-78.13972222222223,,,,,,,
23,"Barbosa, Antioquia",Barbosa,CO05079,6.439,-75.333,,,,,,,
916,"Barbosa, Santander",Barbosa,CO68077,5.933,-73.621,,,,,,,
917,Barichara,Barichara,CO68079,6.633333333333333,-73.23333333333333,,,,,,,
743,Barranca de Upía,Barranca de Upía,CO50110,4.583333333333333,-72.96666666666667,,,,,,,
918,Barrancabermeja,Barrancabermeja,CO68081,7.066666666666666,-73.85,,,,,,,
651,"Barrancas, La Guajira",Barrancas,CO44078,11,-72.75,,,,,,,
185,Barranco de Loba,Barranco de Loba,CO13074,8.95,-74.11666666666666,,,,,,,
665,Barranco Minas,Barrancominas,CO94343,3.483333,-69.8,,,,,,,
141,Barranquilla,Barranquilla,CO08001,10.963888888888889,-74.79638888888888,,,,,,,
163,Barrios Unidos,Barrios Unidos,NA,4.6786111111111115,-74.0786111111111,,,,,,,
453,Becerril,Becerril,CO20045,9.7,-73.28333333333333,,,,,,,
350,"Belalcázar, Caldas",Belalcázar,CO17088,5,-75.81666666666666,,,,,,,
375,Belén de Andaquies,Belén,CO15087,1.41611,-75.8725,,,,,,,
900,Belén de Umbría,Belén,CO52083,5.2,-75.86666666666666,,,,,,,
227,"Belén, Boyacá",Belén de los Andaquíes,CO18094,6.083333333333333,-72.91666666666667,,,,,,,
776,"Belén, Nariño",Belén de Umbría,CO66088,1.66417,-77.0175,,,,,,,
24,"Bello, Antioquia",Bello,CO05088,6.333333333333333,-75.56666666666666,,,,,,,
25,Belmira,Belmira,CO05086,6.6,-75.66666666666667,,,,,,,
541,"Beltrán, Cundinamarca",Beltrán,CO25086,4.801388888888889,-74.74305555555556,,,,,,,
228,Berbeo,Berbeo,CO15090,5.226666666666667,-73.12666666666667,,,,,,,
26,"Betania, Antioquia",Betania,CO05091,5.75,-75.96666666666667,,,,,,,
229,Betéitiva,Betéitiva,CO15092,5.916666666666667,-72.81666666666666,,,,,,,
27,"Betulia, Antioquia",Betulia,CO05093,6.112222,-75.983889,,,,,,,
919,"Betulia, Santander",Betulia,CO68092,6.9,-73.28361111111111,,,,,,,
542,Bituima,Bituima,CO25095,4.874444444444445,-74.54055555555556,,,,,,,
230,Boavita,Boavita,CO15097,6.333333333333333,-72.58333333333333,,,,,,,
836,Bochalema,Bochalema,CO54099,7.666666666666667,-72.58333333333333,,,,,,,
543,Bojacá,Bojacá,CO25099,"
4.733611111111111",-74.34222222222222,,,,,,,
482,Bojayá,Bojayá,CO27099,6.523611111111111,-76.97444444444444,,,,,,,
412,"Bolívar, Cauca",Bolívar,CO19100,1.97083,-76.9694,,,,,,Bojacá,CO25099
920,"Bolívar, Santander",Bolívar,CO68101,5.9911111111111115,-73.77388888888889,,,,,,,
1075,"Bolívar, Valle del Cauca",Bolívar,CO76100,4.338611111111111,-76.18472222222222,,,,,,,
164,"Bosa, Bogotá","Bogotá, D.C.",CO11001,4.616944444444445,-74.19,,,,,,,
454,Bosconia,Bosconia,CO20060,9.97611,-73.8903,,,,,,,
231,"Boyacá, Boyacá",Boyacá,CO15104,5.454166666666667,-73.36194444444443,,,,,,,
186,Brazuelo de Papayal,Brazuelo de Payapal,NA,,,,,,,,,
29,"Briceño, Antioquia",Briceño,CO05107,7.111111111111111,-75.55,,,,,,,
232,"Briceño, Boyacá",Briceño,CO15106,5.7,-73.9333,,,,,,,
921,Bucaramanga,Bucaramanga,CO68001,7.133333333333334,-73,,,,,,,
837,Bucarasica,Bucarasica,CO54109,8.05,-72.86666666666666,,,,,,,
1076,"Buenaventura, Valle del Cauca",Buenaventura,CO76109,3.877222222222222,-77.02666666666667,,,,,,,
233,"Buenavista, Boyacá",Buenavista,CO15109,5.511388888888889,-73.94194444444445,,,,,,,
507,"Buenavista, Córdoba",Buenavista,CO23079,8.68333,-75.25,,,,,,,
887,"Buenavista, Quindío",Buenavista,CO63111,4.359722222222222,-75.73916666666666,,,,,,,
1000,"Buenavista, Sucre",Buenavista,CO70110,9.32222,-74.9772,,,,,,,
413,"Buenos Aires, Cauca",Buenos Aires,CO19110,2.9166666666666665,-76.66666666666667,,,,,,,
777,Buesaco,Buesaco,CO52110,1.3833333333333333,-77.16666666666667,,,,,,,
1077,"Buga, Valle del Cauca",Buga,NA,3.9,-76.3,,,,,,,
1078,Bugalagrande,Bugalagrande,CO76113,4.216666666666667,-76.16666666666667,,,,,,,
30,Buriticá,Buriticá,CO05113,6.75,-75.91666666666667,,,,,,,
234,Busbanzá,Busbanzá,CO15114,5.816666666666666,-72.86666666666666,,,,,,,
544,"Cabrera, Cundinamarca",Cabrera,CO25120,3.9780555555555557,-74.48583333333333,,,,,,,
922,"Cabrera, Santander",Cabrera,CO68121,6.593333333333333,-73.24777777777778,,,,,,,
744,Cabuyaro,Cabuyaro,CO50124,4.283333333333333,-72.78333333333333,,,,,,,
666,Cacahual,Cacahual,CO94886,7.58322,-75.46466,,,,,,,
31,"Cáceres, Antioquia",Cáceres,CO05120,7.666666666666667,-75.33333333333333,,,,,,,
545,"Cachipay, Cundinamarca",Cachipay,CO25123,4.730833333333334,-74.4375,,,,,,,
839,Cácota,Cácota,CO54125,7.266666666666667,-72.65,,,,,,,
32,Caicedo,Caicedo,CO05125,6.405,-75.98222222222222,,,,,,,
1079,Caicedonia,Caicedonia,CO76122,4.333333333333333,-75.83333333333333,,,,,,,
1001,"Caimito, Sucre",Caimito,CO70124,8.833333333333334,-75.16666666666667,,,,,,,
1031,"Cajamarca, Tolima",Cajamarca,CO73124,4.416666666666667,-75.5,,,,,,,
414,"Cajibio, Cauca",Cajibío,CO19130,2.6333333333333333,-76.63333333333334,,,,,,,
546,Cajicá,Cajicá,CO25126,4.916666666666667,-74.03333333333333,,,,,,,
187,"Calamar, Bolívar",Calamar,CO13140,10.25,-74.915833,,,,,,,
672,"Calamar, Guaviare",Calamar,CO95015,1.9205555555555553,-72.55416666666666,,,,,,,
888,Calarcá,Calarcá,CO63130,4.533333333333333,-75.65,,,,,,,
33,"Caldas, Antioquia",Caldas,CO05129,6.09,-75.638,,,,,,,
235,"Caldas, Boyacá",Caldas,CO15131,5.5575,-73.8686,,,,,,,
415,"Caldono, Cauca",Caldono,CO19137,2.8,-76.53333333333333,,,,,,,
1080,Cali,Cali,CO76001,3.4205555555555556,-76.52222222222223,,,,,,,
923,"California, Santander",California,CO68132,7.35,-72.96666666666667,,,,,,,
1081,"Calima, Valle del Cauca",Calima,CO76126,3.9166666666666665,-76.66666666666667,,,,,,,
416,"Caloto, Cauca",Caloto,CO19142,3.033333333333333,-76.41666666666667,,,,,,,
34,"Campamento, Antioquia",Campamento,CO05134,6.978888888888889,-75.29638888888888,,,,,,,
142,Campo de la Cruz,Campo de la Cruz,CO08137,10.377777777777778,-74.88138888888888,,,,,,,
682,Campoalegre,Campoalegre,CO41132,2.686666666666667,-75.32555555555555,,,,,,,
236,Campohermoso,Campohermoso,CO15135,5.083333333333333,-73,,,,,,,
508,Canalete,Canalete,CO23090,8.79,-76.2411,,,,,,,
35,Cañasgordas,Cañasgordas,CO05138,6.749722222222222,-76.02583333333334,,,,,,,
143,"Candelaria, Atlántico",Candelaria,CO08141,10.459167,-74.880556,,,,,,,
1082,"Candelaria, Valle del Cauca",Candelaria,CO76130,3.4,-76.38333333333334,,,,,,,
188,"Cantagallo, Bolívar",Cantagallo,CO13160,7.37611111111111,-73.91527777777779,,,,,,,
547,Caparrapí,Caparrapí,CO25148,5.344166666666666,-74.49166666666667,,,,,,,
924,"Capitanejo, Santander",Capitanejo,CO68147,6.533333333333333,-72.7,,,,,,,
548,Cáqueza,Cáqueza,CO25151,4.405277777777778,-73.94777777777779,,,,,,,
36,Caracolí,Caracolí,CO05142,6.41194,-74.7606,,,,,,,
37,Caramanta,Caramanta,CO05145,5.583333333333333,-75.58333333333333,,,,,,,
925,Carcasí,Carcasí,CO68152,6.633333333333333,-72.63333333333334,,,,,,,
38,Carepa,Carepa,CO05147,7.757777777777778,-76.65527777777778,,,,,,,
549,Carmen de Carupa,Carmen de Carupa,CO25154,5.3502777777777775,-73.90527777777778,,,,,,,
376,Cartagena del Chairá,Cartagena del Chairá,CO18150,1.35,-74.83333333333333,,,,,,,
1083,"Cartago, Valle del Cauca",Cartago,CO76147,4.7,"-
75.91666666666667",,,,,,,
1033,"Casabianca, Tolima",Casabianca,CO73152,5.083333333333333,-75.11666666666666,,,,,,,
745,"Castilla la Nueva, Meta",Castilla la Nueva,CO50150,3.8333333333333335,-73.68333333333334,,,,,,,
41,"Caucasia, Antioquia",Caucasia,CO05154,7.983333333333333,-75.2,,,,,,,
926,Cepitá,Cepitá,CO68160,6.75,-72.98333333333333,,,,,,,
509,Cereté,Cereté,CO23162,8.883333333333333,-75.8,,,,,,,
237,Cerinza,Cerinza,CO15162,6,-72.91666666666667,,,,,,,
927,"Cerrito, Santander",Cerrito,CO68162,6.845,-72.698,,,,,,,
715,Cerro San Antonio,Cerro de San Antonio,CO47161,10.333333333333334,-74.86666666666666,,,,,,,
483,Cértegui,Cértegui,CO27160,5.4,-76.6,,,,,,,
778,Chachagüí,Chachagüí,CO52240,1.3605,-77.2835,,,,,,,
550,Chaguaní,Chaguaní,CO25168,4.948611111111111,-74.5936111111111,,,,,,,
1002,Chalán,Chalán,CO70230,9.55,-75.31666666666666,,,,,,,
391,Chámeza,Chámeza,CO85015,5.216666666666667,-72.88333333333334,,,,,,,
1034,"Chaparral, Tolima",Chaparral,CO73168,3.75,-75.58333333333333,,,,,,,
165,Chapinero,Chapinero,NA,4.645833333333333,-74.06333333333333,,,,,,,
928,Charalá,Charalá,CO68167,6.25,-73.08333333333333,,,,,,,
929,Charta,Charta,CO68169,7.283333333333333,-72.96666666666667,,,,,,,
554,"Chía, Cundinamarca",Chía,CO25175,4.85,-74.05,,,,,,,
716,Chibolo,Chigorodó,CO05172,10.026111111111112,-74.6211111111111,,,,,,,
42,Chigorodó,Chima,CO68176,7.6675,-76.68083333333334,,,,,,,
510,Chimá,Chimá,CO23168,9.15,-75.63333333333334,,,,,,,
455,Chimichagua,Chimichagua,CO20175,9.25,-73.81666666666666,,,,,,,
840,Chinácota,Chinácota,CO54172,7.616666666666667,-72.6,,,,,,,
238,Chinavita,Chinavita,CO15172,5.166666666666667,-73.36722222222221,,,,,,,
351,"Chinchiná, Caldas",Chinchiná,CO17174,4.9825,-75.6036111111111,,,,,,,
511,Chinú,Chinú,CO23182,9.083333333333334,-75.33333333333333,,,,,,,
551,Chipaque,Chipaque,CO25178,4.4425,-74.04138888888889,,,,,,,
931,"Chipatá, Santander",Chipatá,CO68179,6.05,-73.63333333333334,,,,,,,
239,Chiquinquirá,Chiquinquirá,CO15176,5.633333333333333,-73.75,,,,,,,
240,Chíquiza,Chíquiza,CO15232,5.6,-73.48333333333333,,,,,,,
456,Chiriguaná,Chiriguaná,CO20178,9.366666666666667,-73.6,,,,,,,
242,"Chita, Boyacá",Chita,CO15183,6.166666666666667,-72.41666666666667,,,,,,,
841,Chitagá,Chitagá,CO54174,7.133333333333334,-72.66666666666667,,,,,,,
243,Chitaraque,Chitaraque,CO15185,6.083333333333333,-73.36666666666666,,,,,,,
244,Chivatá,Chivatá,CO15187,5.533333333333333,-73.26666666666667,,,,,,,
245,Chivor,Chivor,CO15236,4.883333333333333,-73.36666666666666,,,,,,,
552,Choachí,Choachí,CO25181,4.529722222222222,"-
73.92361111111111",,,,,,,
553,Chocontá,Chocontá,CO25183,5.146666666666667,-73.6825,,,,,,,
189,Cicuco,Cicuco,CO13188,9.266666666666667,-74.65,,,,,,,
512,Ciénaga de Oro,Ciénaga de Oro,CO23189,8.883333333333333,-75.61666666666666,,,,,,,
717,"Ciénaga, Magdalena",Ciénaga,CO47189,11.006944444444445,-74.25,,,,,,,
246,"Ciénega, Boyacá",Ciénega,CO15189,11.006944,-74.25,,,,,,,
932,Cimitarra,Cimitarra,CO68190,6.316666666666666,-73.95,,,,,,,
889,"Circasia, Quindío",Circasia,CO63190,4.616666666666667,-75.63333333333334,,,,,,,
43,"Cisneros, Antioquia",Cisneros,CO05190,6.538333333333333,-75.0886111111111,,,,,,,
28,"Ciudad Bolívar, Antioquia",Ciudad Bolívar,CO05101,5.85,-76.03333333333333,,,,,,,
44,Cocorná,Cocorná,CO05197,6.0569444444444445,-75.18527777777778,,,,,,,
1035,"Coello, Tolima",Coello,CO73200,4.333333333333333,-74.91666666666667,,,,,,,
555,Cogua,Cogua,CO25200,5.066666666666666,-73.98333333333333,,,,,,,
779,"Colón, Nariño",Colón,CO52203,1.6441666666666666,-77.01944444444445,,,,,,,
874,"Colón, Putumayo",Colón,CO86219,1.1902777777777778,-76.9738888888889,,,,,,,
1003,Colosó,Colosó,CO70204,9.5,-75.35,,,,,,,
253,Cómbita,Cómbita,CO15204,5.75,-73.25,,,,,,,
45,"Concepción, Antioquia",Concepción,CO05206,6.395,-75.25833333333334,,,,,,,
933,"Concepción, Santander",Concepción,CO68207,6.771111,-72.698056,,,,,,,
46,"Concordia, Antioquia",Concordia,CO05209,6.0489999999999995,-75.909,,,,,,,
718,"Concordia, Magdalena",Concordia,CO47205,10.2667,-74.8333,,,,,,,
484,Condoto,Condoto,CO27205,5.1,-76.65,,,,,,,
934,Confines,Confines,CO68209,6.416666666666667,-73.16666666666667,,,,,,,
780,Consaca,Consacá,CO52207,1.2,-77.46666666666667,,,,,,,
781,Contadero,Contadero,CO52210,0.91,-77.5506,,,,,,,
935,Contratación,Contratación,CO68211,6.283333333333333,-73.48333333333333,,,,,,,
842,Convención,Convención,CO54206,8.833333333333334,-73.2,,,,,,,
247,"Coper, Boyacá",Coper,CO15212,5.483333333333333,-74.05,,,,,,,
190,"Córdoba, Bolívar",Córdoba,CO13212,9.586667,-74.827222,,,,,,,
782,"Córdoba, Nariño",Córdoba,CO52215,0.855,-77.5211,,,,,,,
890,"Córdoba, Quindío",Córdoba,CO63212,4.391111,-75.687778,,,,,,,
417,"Corinto, Cauca",Corinto,CO19212,3.1738888888888885,-76.25944444444444,,,,,,,
936,Coromoro,Coromoro,CO68217,6.3,-73.03333333333333,,,,,,,
1004,"Corozal, Sucre",Corozal,CO70215,9.333333333333334,-75.25,,,,,,,
248,"Corrales, Boyacá",Corrales,CO15215,5.866666666666667,-72.83333333333333,,,,,,,
556,"Cota, Cundinamarca",Cota,CO25214,4.816666666666666,-74.1,,,,,,,
513,Cotorra,Cotorra,CO23300,9.05,-75.8,,,,,,,
249,Covarachía,Covarachía,CO15218,6.5,-72.75,,,,,,,
1005,Coveñas,Coveñas,CO70221,9.41667,-75.7,,,,,,,
1036,Coyaima,Coyaima,CO73217,3.8333333333333335,-75.08333333333333,,,,,,,
135,Cravo Norte,Cravo Norte,CO81220,6.3,-70.2,,,,,,,
783,Cuaspud,Cuaspud Carlosama,CO52224,0.865833,-77.7294,,,,,,,
250,Cubará,Cubará,CO15223,7.033333333333333,-72.06666666666666,,,,,,,
746,Cubarral,Cubarral,CO50223,3.791863888888889,-73.84128333333332,,,,,,,
251,Cucaita,Cucaita,CO15224,5.533333333333333,-73.45,,,,,,,
557,Cucunubá,Cucunubá,CO25224,5.25,-73.76333333333334,,,,,,,
843,Cúcuta,San José de Cúcuta,CO54001,7.894166666666666,-72.5038888888889,,,,,,,
844,Cucutilla,Cucutilla,CO54223,7.55,-72.78333333333333,,,,,,,
747,Cuítiva,Cuítiva,CO15226,5.583333,-72.966667,,,,,,,
1121,Cumaral,Cumaral,CO50226,4.269444444444445,-73.4863888888889,,,,,,,
784,Cumaribo,Cumaribo,CO99773,4.433333333333334,-69.8,,,,,,,
785,Cumbal,Cumbal,CO52227,0.9077777777777778,-77.79083333333332,,,,,,,
1037,Cumbitara,Cumbitara,CO52233,1.67694,-77.3253,,,,,,,
377,Cunday,Cunday,CO73226,4.083333333333333,-74.66666666666667,,,,,,,
937,Curillo,Curillo,CO18205,1.0333333333333334,-75.91666666666667,,,,,,,
458,Curití,Curití,CO68229,6.666666666666667,-73,,,,,,,
48,Curumaní,Curumaní,CO20228,9.2,-73.55,,,,,,,
1084,Dabeiba,Dabeiba,CO05234,7,-76.25,,,,,,,
652,Dagua,Dagua,CO76233,3.6666666666666665,-76.7,,,,,,,
653,"Dibulla, La Guajira",Dibulla,CO44090,11.266666666666667,-73.3,,,,,,,
1038,"Distracción, La Guajira",Distracción,CO44098,10.9,-72.88333333333334,,,,,,,
49,"Dolores, Tolima",Dolores,CO73236,3.6666666666666665,-74.75,,,,,,,
901,Don Matías,Donmatías,CO05237,6.483333333333333,-75.43333333333334,,,,,,,
254,Dosquebradas,Dosquebradas,CO66170,4.833333333333333,-75.68333333333334,,,,,,,
845,Duitama,Duitama,CO15238,"
5.833333333333333",-73.01666666666667,,,,,,,
50,Durania,Durania,CO54239,7.71722,-72.66,,,,,,,
51,Ebéjico,Ebéjico,CO05240,6.333333333333333,-75.76666666666667,,,,,,,
1086,El Bagre,El Bagre,CO05250,7.594169444444444,-74.8119,,,,,,,
748,El Cairo,El Cairo,CO76246,4.75,-76.25,,,,,,,
485,El Calvario,El Calvario,CO50245,4.416666666666667,-73.66666666666667,,,,,,,
486,El Cantón de San Pablo,El Cantón del San Pablo,CO27135,5.333333333333333,-76.73333333333333,,,,,,,
191,El Carmen de Atrato,El Carmen de Atrato,CO27245,5.88778,-75.1642,,,,,,,
39,El Carmen de Bolívar,El Carmen de Bolívar,CO13244,9.716666666666667,-75.13333333333334,,,,,,,
487,El Carmen de Viboral,El Carmen de Viboral,CO05148,6.083333333333333,-75.33333333333333,,,,,,,
846,El Carmen del Darién,El Carmen del Darién,NA,,,,,,,,,
749,"El Carmen, Norte de Santander",El Carmen,NA,8.51278,-73.4508,,,,,,,
1087,"El Castillo, Meta",El Castillo,CO50251,3.56806,-73.7839,,,,,,,
786,"El Cerrito, Valle del Cauca",El Cerrito,CO76248,3.6666666666666665,-76.16666666666667,,,,,,,
255,El Charco,El Charco,CO52250,2.4775,-78.1111111111111,,,,,,,
558,El Cocuy,El Cocuy,CO15244,6.416666666666667,-72.41666666666667,,,,,,,
459,El Colegio,El Colegio,CO25245,4.5808333333333335,-74.44250000000001,,,,,,,
378,El Copey,El Copey,CO20238,10.15,-73.96666666666667,,,,,,,
750,El Doncello,El Doncello,CO18247,1.6833333333333333,-75.28333333333333,,,,,,,
1088,"El Dorado, Meta",El Dorado,CO50270,3.74167,-73.8389,,,,,,,
1,El Dovio,El Dovio,CO76250,4.516666666666667,-76.23333333333333,,,,,,,
1039,El Encanto,El Encanto,CO91263,-1.7788888888888887,-73.21055555555556,,,,,,,
256,"El Espinal, Tolima",El Espinal,CO73268,4.2,-74.83333333333333,,,,,,,
939,"El Espino, Boyacá",El Espino,CO15248,6.583333333333333,-72.41666666666667,,,,,,,
192,El Guacamayo,El Guacamayo,CO68245,6.333333333333333,-73.46666666666667,,,,,,,
654,El Guamo,El Guamo,CO13248,10.083333333333334,-74.91666666666667,,,,,,,
460,"El Molino, La Guajira",El Litoral del San Juan,CO27250,10.6533,-72.9242,,,,,,,
379,"El Paso, Cesar",El Molino,CO44110,9.66222,-73.7519,,,,,,,
84,El Paujil,El Paso,CO20250,1.56444,-75.3319,,,,,,,
787,"El Peñol, Antioquia",El Paujíl,CO18256,6.2186111111111115,-75.24333333333334,,,,,,,
193,"El Peñol, Nariño",El Peñol,CO52254,1.453611,-77.439722,,,,,,,
559,"El Peñón, Bolívar",El Peñón,CO13268,8.988333333333333,-73.94944444444445,,,,,,,
940,"El Peñón, Cundinamarca",El Peñón,CO25258,5.251666666666667,-74.28611111111111,,,,,,,
720,"El Peñón, Santander",El Peñón,CO68250,5.89222,-73.7403,,,,,,,
941,El Piñón,El Piñón,CO47258,10.333333333333334,-74.66666666666667,,,,,,,
721,"El Playón, Santander",El Playón,CO68255,7.47667,-73.2081,,,,,,,
673,El Retén,El Retén,CO47268,10.6167,-74.2667,,,,,,,
1006,El Retorno,El Retorno,CO95025,2.33056,-72.6278,,,,,,,
560,"El Roble, Sucre",El Roble,CO70233,9.1,-75.2,,,,,,,
788,"El Rosal, Cundinamarca",El Rosal,CO25260,4.851944444444444,-74.26277777777777,,,,,,,
111,"El Rosario, Nariño",El Rosario,CO52256,1.7430555555555556,-77.33472222222221,,,,,,,
789,El Santuario,El Santuario,CO05697,6.1375,-75.263889,,,,,,,
418,El Tablón,El Tablón de Gómez,CO52258,1.4269444444444446,-77.09694444444445,,,,,,,
790,"El Tambo, Cauca",El Tambo,CO19256,2.45417,-76.8178,,,,,,,
847,"El Tambo, Nariño",El Tambo,CO52260,1.41306,-77.3981,,,,,,,
848,El Tarra,El Tarra,CO54250,8.0475,-73.0836,,,,,,,
942,El Zulia,El Zulia,CO54261,7.933333333333334,-72.6,,,,,,,
943,"Encino, Santander",Encino,CO68264,6.137777777777778,-73.09888888888888,,,,,,,
167,"Enciso, Santander",Enciso,CO68266,6.75,-72.63333333333334,,,,,,,
52,Engativá,Engativá,NA,4.726111111111111,-74.1,,,,,,,
53,Entrerríos,Entrerríos,CO05264,6.566666666666666,-75.51666666666667,,,,,,,
561,Envigado,Envigado,CO05266,6.166666666666667,-75.56666666666666,,,,,,,
352,Facatativá,Facatativá,CO25269,4.816666666666666,-74.36666666666666,,,,,,,
891,"Filadelfia, Caldas",Filadelfia,CO17272,5.3,-75.6,,,,,,,
257,"Filandia, Quindío",Filandia,CO63272,4.666666666666667,-75.63333333333334,,,,,,,
1041,Firavitoba,Firavitoba,CO15272,5.65,-73,,,,,,,
380,Flandes,Flandes,CO73275,4.283333333333333,-74.8,,,,,,,
419,"Florencia, Caquetá",Florencia,CO18001,1.613888888888889,-75.61277777777777,,,,,,,
258,"Florencia, Cauca",Florencia,CO19290,1.682222222222222,-77.07222222222222,,,,,,,
944,"Floresta, Boyacá",Floresta,CO15276,5.916666666666667,-72.91666666666667,,,,,,,
1089,Florián,Florián,CO68271,5.80472,-73.9742,,,,,,,
945,"Florida, Valle del Cauca",Florida,CO76275,3.3274999999999997,-76.23861111111111,,,,,,,
562,"Floridablanca, Santander",Floridablanca,CO68276,7.216666666666667,-73.06666666666666,,,,,,,
655,Fómeque,Fómeque,CO25279,4.4847222222222225,-73.89361111111111,,,,,,,
168,"Fonseca, La Guajira",Fonseca,CO44279,10.833333333333334,-72.83333333333333,,,,,,,
136,Fontibón,Fontibón,NA,4.6786111111111115,-74.14111111111112,,,,,,,
563,Fortul,Fortul,CO81300,6.79222,-71.7756,,,,,,,
791,"Fosca, Cundinamarca",Fosca,CO25281,4.333333333333333,-73.93333333333334,,,,,,,
54,"Francisco Pizarro, Nariño",Francisco Pizarro,CO52520,2.1,-78.71666666666667,,,,,,,
1042,"Fredonia, Antioquia",Fredonia,CO05282,5.916666666666667,-75.66666666666667,,,,,,,
55,"Fresno, Tolima",Fresno,CO73283,5.155555555555556,-75.04027777777777,,,,,,,
751,"Frontino, Antioquia",Frontino,CO05284,6.783333333333333,-76.13333333333334,,,,,,,
722,Fuente de Oro,Fuente de Oro,CO50287,3.466666666666667,-73.61666666666666,,,,,,,
792,Fundación,Fundación,CO47288,10.5214,-74.1867,,,,,,,
564,"Funes, Nariño",Funes,CO52287,1,-77.45,,,,,,,
566,Funza,Funza,CO25286,4.716666666666667,-74.21666666666667,,,,,,,
565,Fúquene,Fúquene,CO25288,5.405,-73.79583333333333,,,,,,,
567,Fusagasugá,Fusagasugá,CO25290,4.345152777777778,-74.36182222222222,,,,,,,
568,Gachalá,Gachalá,CO25293,4.6930555555555555,-73.52,,,,,,,
259,Gachancipá,Gachancipá,CO25295,4.990833333333334,-73.87305555555555,,,,,,,
569,Gachantivá,Gachantivá,CO15293,5.75,-73.5,,,,,,,
946,Gachetá,Gachetá,CO25297,4.817555555555555,-73.63602777777778,,,,,,,
1007,"Galán, Santander",Galán,CO68296,6.7,-73.3,,,,,,,
570,"Galeras, Sucre",Galeras,CO70235,9.166666666666666,-75.05,,,,,,,
461,"Gama, Cundinamarca",Gama,CO25299,4.762777777777778,-73.61083333333333,,,,,,,
947,"Gamarra, Cesar",Gamarra,CO20295,8.333333333333334,-73.66666666666667,,,,,,,
264,Gámbita,Gámbita,CO68298,6,-73.25,,,,,,,
684,Gámeza,Gámeza,CO15296,5.8,-72.8,,,,,,,
892,"Garzón, Huila",Garzón,CO41298,2.1819444444444445,-75.65777777777778,,,,,,,
685,"Génova, Quindío",Génova,CO63302,4.25,-75.66666666666667,,,,,,,
1090,"Gigante, Huila",Gigante,CO41306,2.38667,-75.5461,,,,,,,
56,"Ginebra, Valle del Cauca",Ginebra,CO76306,3.75,-76.16666666666667,,,,,,,
571,"Giraldo, Antioquia",Giraldo,CO05306,6.680277777777778,-75.95305555555557,,,,,,,
57,"Girardot, Cundinamarca",Girardot,CO25307,4.305,-74.80166666666666,,,,,,,
58,Girardota,Girardota,CO05308,6.376391666666667,-75.44728611111111,,,,,,,
462,Gómez Plata,Gómez Plata,CO05310,6.683333333333334,-75.21666666666667,,,,,,,
849,"González, Cesar",González,CO20310,8.4,-73.33333333333333,,,,,,,
59,Gramalote,Gramalote,CO54313,7.9275,-72.7538888888889,,,,,,,
572,"Granada, Antioquia",Granada,CO05313,6.147,-75.188,,,,,,,
752,"Granada, Cundinamarca",Granada,CO25312,4.518611111111111,-74.35138888888888,,,,,,,
949,"Granada, Meta",Granada,CO50313,3.33333,-73.8333,,,,,,,
261,"Guaca, Santander",Guaca,CO68318,,,,,,,,,
1091,"Guacamayas, Boyacá",Guacamayas,CO15317,6.5,-72.5,,,,,,,
420,Guacarí,Guacarí,CO76318,3.7666666666666666,-76.33333333333333,,,,,,,
573,Guachené,Guachené,CO19300,3.1333333333333333,-76.38333333333334,,,,,,,
793,Guachetá,Guachetá,CO25317,5.385555555555555,-73.68555555555555,,,,,,,
60,Guachucal,Guachucal,CO52317,0.9666666666666667,-77.73333333333333,,,,,,,
686,"Guadalupe, Antioquia",Guadalupe,CO05315,6.8175,-75.24416666666667,,,,,,,
950,"Guadalupe, Huila",Guadalupe,CO41319,2.025,-75.7572,,,,,,,
574,"Guadalupe, Santander",Guadalupe,CO68320,6.247,-73.418,,,,,,,
794,Guaduas,Guaduas,CO25320,5.069444444444445,-74.59805555555555,,,,,,,
795,Guaitarilla,Guaitarilla,CO52320,1.13333,-77.5564,,,,,,,
723,Gualmatán,Gualmatán,CO52323,0.919167,-77.5661,,,,,,,
753,Guamal,Guamal,CO47318,9.14722,-74.23,,,,,,,
1043,"Guamal, Meta",Guamal,CO50318,3.88,-73.7656,,,,,,,
421,Guamo,Guamo,CO73319,4.083333333333333,-74.91666666666667,,,,,,,
951,"Guapi, Cauca",Guapi,CO19318,2.5666666666666664,-77.88333333333334,,,,,,,
1008,Guapotá,Guapotá,CO68322,6.383333333333333,-73.25,,,,,,,
61,"Guaranda, Sucre",Guaranda,CO70265,8.466666666666667,-75.53333333333333,,,,,,,
575,Guarne,Guarne,CO05318,6.280011111111111,-75.44273333333334,,,,,,,
62,Guasca,Guasca,CO25322,4.865833333333333,-73.87722222222222,,,,,,,
576,Guatapé,Guatapé,CO05321,6.233333333333333,-75.16666666666667,,,,,,,
577,Guataquí,Guataquí,CO25324,4.516944444444444,-74.79055555555556,,,,,,,
262,Guatavita,Guatavita,CO25326,4.934444444444445,-73.83444444444444,,,,,,,
902,Guateque,Guateque,CO15322,5.0055555555555555,-73.47222222222223,,,,,,,
952,Guática,Guática,CO66318,5.316666666666666,-75.8,,,,,,,
578,Guavatá,Guavatá,CO68324,5.95,-73.7,,,,,,,
579,Guayabal de Síquima,Guayabal de Síquima,CO25328,4.866666666666667,-74.46666666666667,,,,,,,
263,Guayabetal,Guayabetal,CO25335,4.215277777777778,-73.81444444444445,,,,,,,
953,Guayatá,Guayatá,CO15325,4.966666666666667,-73.48333333333333,,,,,,,
265,Güepsa,Güepsa,CO68327,6.016666666666667,-73.56666666666666,,,,,,,
580,Güicán,Güicán de la Sierra,CO15332,6.466666666666667,-72.41666666666667,,,,,,,
194,"Gutiérrez, Cundinamarca",Gutiérrez,CO25339,4.25,-74,,,,,,,
392,Hatillo de Loba,Hatillo de Loba,CO13300,8.95861,-74.0808,,,,,,,
954,Hato Corozal,Hato Corozal,CO85125,3.183333333333333,-73.75,,,,,,,
656,"Hato, Santander",Hato,CO68344,6.583333333333333,-73.33333333333333,,,,,,,
63,Hatonuevo,Hatonuevo,CO44378,11.0694,-72.7669,,,,,,,
851,"Heliconia, Antioquia",Heliconia,CO05347,6.216666666666667,-75.73333333333333,,,,,,,
1044,Herrán,Herrán,CO54347,7.516666666666667,-72.48333333333333,,,,,,,
64,Herveo,Herveo,CO73347,5.083333333333333,-75.16666666666667,,,,,,,
687,"Hispania, Antioquia",Hispania,CO05353,5.803,-75.912,,,,,,,
1045,"Hobo, Huila",Hobo,CO41349,2.5833333333333335,-75.45,,,,,,,
1046,"Honda, Tolima",Honda,CO73349,5.204166666666667,-74.74166666666667,,,,,,,
1047,Ibagué,Ibagué,CO73001,4.433333333333334,-75.23333333333333,,,,,,,
796,Icononzo,Icononzo,CO73352,4.183333333333334,-74.53333333333333,,,,,,,
797,"Iles, Nariño",Iles,CO52352,0.9666666666666667,-77.51666666666667,,,,,,,
667,Imués,Imués,CO52354,1.0666666666666667,-77.5,,,,,,,
798,"Inírida, Guainía",Inírida,CO94001,3.865277777777778,-67.9238888888889,,,,,,,
688,Ipiales,Ipiales,CO52356,0.8302777777777778,-77.64444444444445,,,,,,,
689,Iquira,Íquira,CO41357,2.65,-75.65,,,,,,,
488,Isnos,Isnos,CO41359,1.9333333333333333,-76.23333333333333,,,,,,,
65,Istmina,Istmina,CO27361,5.166666666666667,-76.68333333333334,,,,,,,
66,Itagüí,Itagüí,CO05360,6.166666666666667,-75.61666666666666,,,,,,,
266,Ituango,Ituango,CO05361,7.166666666666667,-75.75,,,,,,,
1092,"Iza, Boyacá",Iza,CO15362,5.6,-72.98333333333333,,,,,,,
67,Jamundí,Jamundí,CO76364,3.2666666666666666,-76.55,,,,,,,
267,Jardín,Jardín,CO05364,5.5986111111111105,-75.81944444444444,,,,,,,
68,Jenesano,Jenesano,CO15367,5.383333333333333,-73.36666666666666,,,,,,,
268,"Jericó, Antioquia",Jericó,CO05368,5.783333333333333,-75.78333333333333,,,,,,,
581,"Jericó, Boyacá",Jericó,CO15368,6.14917,-72.555,,,,,,,
955,"Jerusalén, Cundinamarca",Jerusalén,CO25368,4.563055555555556,-74.69527777777778,,,,,,,
956,"Jesus María, Santander",Jesús María,CO68368,5.883333333333333,-73.78333333333333,,,,,,,
145,"Jordán, Santander",Jordán,CO68370,6.75,-73.06666666666666,,,,,,,
582,Juan de Acosta,Juan de Acosta,CO08372,10.833333333333334,-75.03333333333333,,,,,,,
489,"Junín, Cundinamarca",Junín,CO25372,4.790277777777778,-73.81361111111111,,,,,,,
169,Juradó,Juradó,CO27372,7.11139,-77.7714,,,,,,,
514,"Kennedy, Bogotá",Kenny,NA,4.6436111111111105,-74.15333333333334,,,,,,,
690,La Apartada,La Apartada,CO23350,8.10056,-75.3825,,,,,,,
583,"La Argentina, Huila",La Argentina,CO41378,2.19611,-75.98,,,,,,,
170,"La Calera, Cundinamarca",La Belleza,CO68377,4.753055555555555,-73.92,,,,,,,
269,La Candelaria,La Calera,CO25377,4.591722,-74.07413,,,,,,,
69,La Capilla,La Capilla,CO15380,5.095555555555555,-73.44361111111111,,,,,,,
903,"La Ceja, Antioquia",La Ceja,CO05376,6.030555555555556,-75.43166666666667,,,,,,,
799,La Celia,La Celia,CO66383,5.001944444444445,-76.0038888888889,,,,,,,
1093,"La Cruz, Nariño",La Cruz,CO52378,1.60472,-76.9742,,,,,,,
353,"La Cumbre, Valle del Cauca",La Cumbre,CO76377,,,,,,,,,
852,"La Dorada, Caldas",La Dorada,CO17380,5.453838888888889,-74.664675,,,,,,,
70,"La Esperanza, Norte de Santander",La Esperanza,CO54385,7.63917,-73.3358,,,,,,,
800,"La Estrella, Antioquia",La Estrella,CO05380,6.166666666666667,-75.66666666666667,,,,,,,
463,"La Florida, Nariño",La Florida,CO52381,1.30167,-77.4106,,,,,,,
668,"La Gloria, Cesar",La Gloria,CO20383,8.583333333333334,-73.58333333333333,,,,,,,
464,La Guadalupe,La Guadalupe,CO94885,1.2469444444444444,-66.86444444444444,,,,,,,
657,"La Jagua de Ibirico, Cesar",La Jagua de Ibirico,CO20400,9.566666666666666,-73.33333333333333,,,,,,,
801,La Jagua del Pilar,La Jagua del Pilar,CO44420,10.516666666666666,-73.08333333333333,,,,,,,
754,La Llanada,La Llanada,CO52385,1.47778,-77.5839,,,,,,,
354,"La Macarena, Meta",La Macarena,CO50350,2.1827777777777775,-73.78472222222221,,,,,,,
584,"La Merced, Caldas",La Merced,CO17388,5.399444444444444,-75.54416666666667,,,,,,,
381,"La Mesa, Cundinamarca",La Mesa,CO25386,4.630277777777779,-74.4625,,,,,,,
585,La Montañita,La Montañita,CO18410,1.5833333333333335,-75.25,,,,,,,
959,"La Palma, Cundinamarca",La Palma,CO25394,5.360555555555555,-74.38972222222223,,,,,,,
2,"La Paz, Cesar",La Paz,CO20621,10.383333,-73.166667,,,,,,,
586,"La Paz, Santander",La Paz,CO68397,6.178056,-73.589444,,,,,,,
71,"La Pedrera, Amazonas",La Pedrera,CO91407,-1.3166666666666667,-69.56666666666666,,,,,,,
691,"La Peña, Cundinamarca",La Peña,CO25398,5.199166666666667,-74.39361111111111,,,,,,,
853,"La Pintada, Antioquia",La Pintada,CO05390,5.75,-75.6,,,,,,,
1122,"La Plata, Huila",La Plata,CO41396,2.39,-75.9075,,,,,,,
393,La Playa de Belén,La Playa,CO54398,8.25,-73.16666666666667,,,,,,,
424,"La Primavera, Vichada",La Primavera,CO99524,5.49056,-70.4092,,,,,,,
893,La Salina,La Salina,CO85136,6.13056,-72.3378,,,,,,,
802,"La Sierra, Cauca",La Sierra,CO19392,2.25,-76.83333333333333,,,,,,,
72,"La Tebaida, Quindío",La Tebaida,CO63401,4.45,-75.8,,,,,,,
803,La Tola,La Tola,CO52390,2.4166666666666665,-78.25,,,,,,,
1009,"La Unión, Antioquia",La Unión,CO05400,5.973611111111111,-75.36138888888888,,,,,,,
1094,"La Unión, Nariño",La Unión,CO52399,1.6019,-77.1317,,,,,,,
755,"La Unión, Sucre",La Unión,CO70400,8.86056,-75.2806,,,,,,,
270,"La Unión, Valle del Cauca",La Unión,CO76400,3.653888888888889,-76.57222222222222,,,,,,,
425,La Uribe,La Uribe,NA,3.2408333333333332,-74.3536111111111,,,,,,,
587,La Uvita,La Uvita,CO15403,6.333333333333333,-72.5,,,,,,,
3,"La Vega, Cauca",La Vega,CO19397,2.0008333333333335,-76.77777777777777,,,,,,,
271,"La Vega, Cundinamarca",La Vega,CO25402,4.9991666666666665,-74.3411111111111,,,,,,,
1095,"La Victoria, Amazonas",La Victoria,CO15401,,,,,,,,,
904,"La Victoria, Boyacá",La Victoria,CO76403,5.52278,-74.2328,,,,,,,
854,"La Victoria, Valle del Cauca",La Victoria,CO91430,4.521388888888889,-76.0363888888889,,,,,,,
272,La Virginia,La Virginia,CO66400,4.916666666666667,-75.83333333333333,,,,,,,
958,Labateca,Labateca,CO54377,7.333333333333333,-72.5,,,,,,,
960,Labranzagrande,Labranzagrande,CO15377,5.566666666666666,-72.56666666666666,,,,,,,
804,Landázuri,Landázuri,CO68385,6.218055555555556,-73.81138888888889,,,,,,,
756,"Lebrija, Santander",Lebrija,CO68406,7.416666666666667,-73.41666666666667,,,,,,,
588,"Leiva, Nariño",Leiva,CO52405,1.9375,-77.3081,,,,,,,
1048,Lejanías,Lejanías,CO50400,3.5268055555555553,-74.02322222222222,,,,,,,
1049,Lenguazaque,Lenguazaque,CO25407,5.3069444444444445,-73.70611111111111,,,,,,,
73,"Lérida, Tolima",Lérida,CO73408,4.9,-74.91666666666667,,,,,,,
805,"Líbano, Tolima",Leticia,CO91001,4.916666666666667,-75.16666666666667,,,,,,,
490,Liborina,Líbano,CO73411,6.683333333333334,-75.81666666666666,,,,,,,
491,"Linares, Nariño",Liborina,CO05411,1.35,-77.53333333333333,,,,,,,
426,Litoral del San Juan,Linares,CO52411,4.25861,-77.3675,,,,,,,
806,Lloró,Lloró,CO27413,5.5,-76.53333333333333,,,,,,,
516,López de Micay,López de Micay,CO19418,3,-77.25,,,,,,,
171,"Los Andes, Nariño",Los Andes,CO52418,1.4933333333333334,-77.5213888888889,,,,,,,
1010,Los Córdobas,Los Córdobas,CO23419,8.9,-76.36666666666666,,,,,,,
855,Los Mártires,Los Mártires,NA,4.604444444444444,-74.08999999999999,,,,,,,
470,Los Palmitos,Los Palmitos,CO70418,9.38111,-75.2714,,,,,,,
961,Los Patios,Los Patios,CO54405,7.833333333333333,-72.51666666666667,,,,,,,
856,"Los Santos, Santander",Los Santos,CO68418,10.383333333333333,-73.16666666666667,,,,,,,
146,"Lourdes, Norte de Santander",Lourdes,CO54418,7.966666666666667,-72.83333333333333,,,,,,,
273,Luruaco,Luruaco,CO08421,10.6083,-75.1417,,,,,,,
962,Macanal,Macanal,CO15425,4.9719444444444445,-73.31944444444444,,,,,,,
74,Macaravita,Macaravita,CO68425,6.5,-72.6,,,,,,,
589,"Maceo, Antioquia",Maceo,CO05425,6.55,-74.78333333333333,,,,,,,
590,Machetá,Machetá,CO25426,5.080216666666667,-73.607475,,,,,,,
195,"Madrid, Cundinamarca",Madrid,CO25430,4.734444444444445,-74.26833333333333,,,,,,,
807,Magangué,Magangué,CO13430,9.25,-74.76666666666667,,,,,,,
196,Magüí Payán,Magüí,CO52427,1.9333333333333333,-78.2,,,,,,,
658,Mahates,Mahates,CO13433,10.233333333333333,-75.18333333333334,,,,,,,
1011,Maicao,Maicao,CO44430,11.377777777777778,-72.2388888888889,,,,,,,
963,"Majagual, Sucre",Majagual,CO70429,8.5,-74.66666666666667,,,,,,,
147,"Málaga, Santander",Málaga,CO68432,6.783333333333333,-72.66666666666667,,,,,,,
808,"Malambo, Atlántico",Malambo,CO08433,10.85,-74.75,,,,,,,
148,Mallama,Mallama,CO52435,1.1411111111111112,-77.86444444444444,,,,,,,
465,"Manatí, Atlántico",Manatí,CO08436,10.445,-74.95972222222223,,,,,,,
659,"Manaure, Cesar",Manaure,CO44560,11.783333333333333,-72.45,,,,,,,
394,"Manaure, La Guajira",Manaure Balcón del Cesar,CO20443,11.7792,-72.4494,,,,,,,
355,"Maní, Casanare",Maní,CO85139,4.816666666666666,-72.28333333333333,,,,,,,
591,Manizales,Manizales,CO17001,5.1,-75.55,,,,,,,
356,"Manta, Cundinamarca",Manta,CO25436,5.083333333333333,-73.58333333333333,,,,,,,
757,"Manzanares, Caldas",Manzanares,CO17433,5.251944444444445,-75.15694444444445,,,,,,,
197,Mapiripán,Mapiripán,CO50325,2.8833333333333333,"-
72.13333333333334",,,,,,,
198,"Margarita, Bolívar",Margarita,CO13440,9.083333333333334,-74.2,,,,,,,
75,María La Baja,María La Baja,CO13442,10,-75.33333333333333,,,,,,,
274,Marinilla,Marinilla,CO05440,6.173802777777778,-75.33472222222221,,,,,,,
1050,Maripí,Maripí,CO15442,5.55,-74.01666666666667,,,,,,,
357,"Mariquita, Tolima",San Sebastián de Mariquita,CO73443,5.25,-74.91666666666667,,,,,,,
358,"Marmato, Caldas",Marmato,CO17442,5.5,-75.58333333333333,,,,,,,
905,"Marquetalia, Caldas",Marquetalia,CO17444,5.333333333333333,-75,,,,,,,
359,Marsella,Marsella,CO66440,4.916666666666667,-75.75,,,,,,,
964,"Marulanda, Caldas",Marulanda,CO17446,5.283333333333333,-75.26666666666667,,,,,,,
76,"Matanza, Santander",Matanza,CO68444,7.416666666666667,-73.08333333333333,,,,,,,
592,Medellín,Medellín,CO05001,6.230833333333334,-75.59055555555555,,,,,,,
492,"Medina, Cundinamarca",Medina,CO25438,4.509166666666666,-73.34944444444444,,,,,,,
493,Medio Atrato,Medio Atrato,CO27425,5.995,-76.7825,,,,,,,
494,Medio Baudó,Medio Baudó,CO27430,5.05,-77.05,,,,,,,
1051,Medio San Juan,Medio San Juan,CO27450,5.1,-76.6833,,,,,,,
427,"Melgar, Tolima",Melgar,CO73449,4.203888888888889,-74.64277777777778,,,,,,,
758,"Mercaderes, Cauca",Mercaderes,CO19450,1.8,-77.16666666666667,,,,,,,
382,Mesetas,Mesetas,CO50330,3.37806,-74.0447,,,,,,,
275,"Milán, Caquetá",Milán,CO18460,1.2891666666666666,-75.50638888888889,,,,,,,
674,"Miraflores, Boyacá",Miraflores,CO15455,5.196388888888889,-73.14444444444445,,,,,,,
428,"Miraflores, Guaviare",Miraflores,CO95200,1.33667,-71.9511,,,,,,,
4,"Miranda, Cauca",Miranda,CO19455,3.25,-76.25,,,,,,,
906,Mirití-Paraná,Mirití - Paraná,CO91460,-0.8833333333333333,-70.98361111111112,,,,,,,
1114,Mistrató,Mistrató,CO66456,5.3,-75.88333333333334,,,,,,,
875,Mitú,Mitú,CO97001,1.1983333333333333,-70.17333333333333,,,,,,,
965,Mocoa,Mocoa,CO86001,1.15,-76.64750000000001,,,,,,,
966,Mogotes,Mogotes,CO68464,6.483333333333333,-72.96666666666667,,,,,,,
517,Molagavita,Molagavita,CO68468,6.683333333333334,-72.81666666666666,,,,,,,
276,Momil,Momil,CO23464,9.233333333333333,-75.68333333333334,,,,,,,
277,Mongua,Mongua,CO15464,5.75,-72.8,,,,,,,
278,Monguí,Monguí,CO15466,5.75,-72.83333333333333,,,,,,,
518,Moniquirá,Moniquirá,CO15469,5.916666666666667,-73.5,,,,,,,
77,Moñitos,Moñitos,CO23500,9.25028,-76.1325,,,,,,,
200,"Montebello, Antioquia",Montebello,CO05467,5.916666666666667,-75.5,,,,,,,
519,"Montecristo, Bolívar",Montecristo,CO13458,8.29944,-74.4756,,,,,,,
894,Montelíbano,Montelíbano,CO23466,7.9750000000000005,-75.42083333333333,,,,,,,
520,"Montenegro, Quindío",Montenegro,CO63470,4.56714,-75.75038,,,,,,,
395,Montería,Montería,CO23001,8.75,-75.88333333333334,,,,,,,
201,"Monterrey, Casanare",Monterrey,CO85162,4.87833,-72.8972,,,,,,,
429,"Morales, Bolívar",Morales,CO13473,8.31333,-73.8719,,,,,,,
383,"Morales, Cauca",Morales,CO19473,2.76028,-76.6339,,,,,,,
669,"Morelia, Caquetá",Morelia,CO18479,1.4875,-75.725,,,,,,,
1012,Morichal Nuevo,Morichal,CO94888,2.21667,-70.0333,,,,,,,
593,Morroa,Morroa,CO70473,9.333333333333334,"-
75.31666666666666",,,,,,,
809,"Mosquera, Cundinamarca",Mosquera,CO25473,4.707777777777778,-74.23277777777778,,,,,,,
279,"Mosquera, Nariño",Mosquera,CO52473,2.49028,-78.4953,,,,,,,
1052,Motavita,Motavita,CO15476,5.577222222222222,-73.36722222222221,,,,,,,
78,"Murillo, Tolima",Murillo,CO73461,4.874,-75.171,,,,,,,
79,Murindó,Murindó,CO05475,6.8,-76.8,,,,,,,
857,Mutatá,Mutatá,CO05480,7.244166666666667,-76.43583333333333,,,,,,,
280,Mutiscua,Mutiscua,CO54480,7.333333333333333,-72.71666666666667,,,,,,,
80,Muzo,Muzo,CO15480,5.531333333333333,-74.10727777777777,,,,,,,
594,"Nariño, Antioquia",Nariño,CO05483,5.609166666666666,-75.1763888888889,,,,,,,
810,"Nariño, Cundinamarca",Nariño,CO25483,4.398055555555555,-74.82805555555555,,,,,,,
1053,"Nariño, Nariño",Nariño,CO52480,1.26667,-77.3667,,,,,,,
81,Natagaima,Natagaima,CO73483,3.5833333333333335,-75.08333333333333,,,,,,,
82,Nechí,Nechí,CO05495,8.1,-74.78333333333333,,,,,,,
360,Necoclí,Necoclí,CO05490,8.416666666666666,-76.78333333333333,,,,,,,
693,"Neira, Caldas",Neira,CO17486,5.166388888888889,-75.51888888888888,,,,,,,
595,"Neiva, Huila",Neiva,CO41001,2.9344833333333336,-75.2809,,,,,,,
596,Nemocón,Nemocón,CO25486,5.05,-73.88333333333334,,,,,,,
597,"Nilo, Cundinamarca",Nilo,CO25488,4.3069444444444445,-74.61999999999999,,,,,,,
281,Nimaima,Nimaima,CO25489,5.12611111111111,-74.38583333333334,,,,,,,
598,Nobsa,Nobsa,CO15491,5.766666666666667,-72.95,,,,,,,
361,Nocaima,Nocaima,CO25491,5.070277777777777,-74.37805555555555,,,,,,,
202,"Norcasia, Caldas",Norcasia,CO17495,5.56667,-74.8833,,,,,,,
495,Norosí,Norosí,CO13490,8.52611111111111,-74.03777777777778,,,,,,,
724,Nóvita,Nóvita,CO27491,4.95,-76.61666666666666,,,,,,,
396,"Nueva Granada, Magdalena",Nueva Granada,CO47460,9.80306,-74.3903,,,,,,,
496,Nunchía,Nunchía,CO85225,5.633333333333333,-72.2,,,,,,,
1096,Nuquí,Nuquí,CO27495,5.716666666666667,-77.26666666666667,,,,,,,
967,"Obando, Valle del Cauca",Obando,CO76497,4.583333333333333,-75.91666666666667,,,,,,,
858,Ocamonte,Ocamonte,CO68498,6.333333333333333,-73.11666666666666,,,,,,,
968,"Ocaña, Norte de Santander",Ocaña,CO54498,8.233333333333333,-73.35,,,,,,,
283,Oiba,Oiba,CO68500,6.266666666666667,-73.3,,,,,,,
811,Oicatá,Oicatá,CO15500,5.583333333333333,-73.31666666666666,,,,,,,
83,Olaya Herrera,Olaya Herrera,CO52490,2.346944,-78.325556,,,,,,,
969,"Olaya, Antioquia",Olaya,CO05501,6.63,-75.817,,,,,,,
694,Onzaga,Onzaga,CO68502,6.35,-72.81666666666666,,,,,,,
876,Oporapa,Oporapa,CO41503,2.05,-75.96666666666667,,,,,,,
397,Orito,Orito,CO86320,0.6661111111111111,-76.87083333333332,,,,,,,
1054,Orocué,Orocué,CO85230,4.79417,-71.34,,,,,,,
812,"Ortega, Tolima",Ortega,CO73504,3.9166666666666665,-75.25,,,,,,,
284,Ospina,Ospina,CO52506,1.0580555555555555,-77.56638888888888,,,,,,,
1013,Otanche,Otanche,CO15507,5.75,-74.25,,,,,,,
285,Ovejas,Ovejas,CO70508,9.5,-75.16666666666667,,,,,,,
599,Pachavita,Pachavita,CO15511,5.133333333333334,-73.4,,,,,,,
1116,Pacho,Pacho,CO25513,5.1305555555555555,-74.15833333333335,,,,,,,
362,Pacoa,Pacoa,CO97511,0.021388888888888888,-71.00555555555556,,,,,,,
430,"Pácora, Caldas",Pácora,CO17513,5.525833333333333,-75.4588888888889,,,,,,,
295,"Padilla, Cauca",Padilla,CO19513,3.2333333333333334,-76.31666666666666,,,,,,,
431,"Páez, Boyacá",Páez,CO15514,5.10444,-73.0556,,,,,,,
695,"Páez, Cauca",Páez,CO19517,2.65472,-75.9928,,,,,,,
466,Paicol,Paicol,CO41518,2.449722,-75.773889,,,,,,,
600,Pailitas,Pailitas,CO20517,8.966666666666667,-73.63333333333334,,,,,,,
286,Paime,Paime,CO25518,5.366666666666666,-74.15,,,,,,,
287,Paipa,Paipa,CO15516,5.833333,-73.15,,,,,,,
696,"Pajarito, Boyacá",Pajarito,CO15518,5.416666666666667,-72.66666666666667,,,,,,,
363,"Palermo, Huila",Palermo,CO41524,2.8916666666666666,-75.4375,,,,,,,
697,"Palestina, Caldas",Palestina,CO17524,5.083333333333333,-75.66666666666667,,,,,,,
149,"Palestina, Huila",Palestina,CO41530,1.75,-76.0667,,,,,,,
970,Palmar de Varela,Palmar de Varela,CO08520,10.75,-74.75,,,,,,,
1097,"Palmar, Santander",Palmas del Socorro,CO68524,6.583333333333333,-73.25,,,,,,,
1014,"Palmira, Valle del Cauca",Palmira,CO76520,"
3.5833333333333335",-76.25,,,,,,,
1056,"Palmito, Sucre",Palmito,CO70523,9.333333333333334,-75.55,,,,,,,
859,Palocabildo,Palocabildo,CO73520,5.13333,-75.0333,,,,,,,
860,"Pamplona, Norte de Santander",Pamplona,CO54518,7.378055555555555,-72.6525,,,,,,,
670,Pamplonita,Pamplonita,CO54520,7.5,-72.58333333333333,,,,,,,
601,Pana Pana,Pana Pana,CO94887,1.85,-69,,,,,,,
288,"Pandi, Cundinamarca",Pandi,CO25524,4.183333333333334,-74.48333333333333,,,,,,,
1117,Panqueba,Panqueba,CO15522,6.433333333333334,-72.46666666666667,,,,,,,
972,Papunahua,Papunahua,CO97777,1.9419444444444445,-70.5411111111111,,,,,,,
602,"Páramo, Santander",Páramo,CO68533,6.5,-73.13333333333334,,,,,,,
603,Paratebueno,Paratebueno,CO25530,4.375277777777777,-73.21305555555556,,,,,,,
432,Pasca,Pasca,CO25535,4.3075,-74.30083333333333,,,,,,,
289,"Patía, Cauca",Patía,CO19532,2.1666666666666665,-77.08333333333333,,,,,,,
290,Pauna,Pauna,CO15531,5.666666666666667,-73.98333333333333,,,,,,,
398,"Paya, Boyacá",Paya,CO15533,5.633333333333333,-72.43333333333334,,,,,,,
291,Paz de Ariporo,Paz de Ariporo,CO85250,5.883333333333333,-71.9,,,,,,,
725,Paz de Río,Paz de Río,CO15537,5.983333333333333,-72.75,,,,,,,
467,"Pedraza, Magdalena",Pedraza,CO47541,10.183333333333334,-74.91666666666667,,,,,,,
364,Pelaya,Pelaya,CO20550,8.683333333333334,-73.66666666666667,,,,,,,
85,"Pensilvania, Caldas",Pensilvania,CO17541,5.5,-75.08333333333333,,,,,,,
292,"Peque, Antioquia",Peque,CO05543,7.016666666666667,-75.91666666666667,,,,,,,
433,Pesca,Pesca,CO15542,5.583333333333333,-73.05,,,,,,,
973,Piamonte,Piamonte,CO19533,1.1158,-76.3261,,,,,,,
1055,Piedecuesta,Piedecuesta,CO68547,7.083333333333333,-73,,,,,,,
434,Piedras,Piedras,CO73547,4.5,-74.91666666666667,,,,,,,
895,"Piendamó, Cauca",Piendamó - Tunía,CO19548,2.6408055555555556,-76.52838888888888,,,,,,,
727,"Pijao, Quindío",Pijao,CO63548,4.333333333333333,-75.7,,,,,,,
974,Pijiño,Pijiño del Carmen,CO47545,9.333333333333334,-74.45,,,,,,,
203,Pinchote,Pinchote,CO68549,6.533333333333333,-73.18333333333334,,,,,,,
726,Pinillos,Pinillos,CO13549,8.916666666666666,-74.46666666666667,,,,,,,
150,"Pinto, Magdalena",Santa Bárbara de Pinto,CO47720,9.433333333333334,-74.7,,,,,,,
698,Piojó,Piojó,CO08549,10.75,-75.11666666666666,,,,,,,
699,"Pital, Huila",Pital,CO41548,2.987,-75.826,,,,,,,
728,Pitalito,Pitalito,CO41551,1.8989138888888888,-76.04186944444444,,,,,,,
1057,Pivijay,Pivijay,CO47551,10.466666666666667,-74.61666666666666,,,,,,,
521,Planadas,Planadas,CO73555,,,,,,,,,
729,Planeta Rica,Planeta Rica,CO23555,8.408888888888889,-75.58194444444445,,,,,,,
813,"Plato, Magdalena",Plato,CO47555,9.791944444444445,-74.78722222222223,,,,,,,
151,"Policarpa, Nariño",Policarpa,CO52540,1.6333333333333333,-77.46666666666667,,,,,,,
152,Polonuevo,Polonuevo,CO08558,10.783333333333333,-74.86666666666666,,,,,,,
435,Ponedera,Ponedera,CO08560,10.65,-74.75,,,,,,,
399,Popayán,Popayán,CO19001,2.454166666666667,-76.60916666666667,,,,,,,
814,"Pore, Casanare",Pore,CO85263,5.72722,-71.9947,,,,,,,
1098,"Potosí, Nariño",Potosí,CO52560,0.8080555555555556,-77.57277777777777,,,,,,,
1058,Pradera,Pradera,CO76563,3.4166666666666665,-76.16666666666667,,,,,,,
911,"Prado, Tolima",Prado,CO73563,3.75,-74.83333333333333,,,,,,,
815,Providencia and Santa Catalina Islands,Providencia,CO52565,13.35,-81.36666666666666,,,,,,,
468,"Providencia, Nariño",Providencia,CO88564,1.238888888888889,-77.5975,,,,,,,
522,Pueblo Bello,Pueblo Bello,CO20570,10.416666666666666,"-
73.58333333333333",,,,,,,
907,"Pueblo Nuevo, Córdoba",Pueblo Nuevo,CO23570,8.50083,-75.5072,,,,,,,
730,"Pueblo Rico, Risaralda",Pueblo Rico,CO66572,5.25,-76.16666666666667,,,,,,,
86,"Pueblo Viejo, Magdalena",Pueblo viejo,CO47570,10.9972,-74.2875,,,,,,,
172,Pueblorrico,Pueblorrico,CO05576,5.8,-75.85,,,,,,,
975,Puente Aranda,Puente Aranda,NA,4.6125,-74.10666666666665,,,,,,,
816,"Puente Nacional, Santander",Puente Nacional,CO68572,5.883333333333333,-73.68333333333334,,,,,,,
5,Puerres,Puerres,CO52573,0.8816666666666667,-77.50805555555556,,,,,,,
6,Puerto Alegría,Puerto Alegría,CO91530,-1.0333333333333334,-74.03333333333333,,,,,,,
877,Puerto Arica,Puerto Arica,CO91536,-2.1480555555555556,-71.75333333333333,,,,,,,
87,Puerto Asís,Puerto Asís,CO86568,0.5166666666666666,-76.5,,,,,,,
294,Puerto Berrío,Puerto Berrío,CO05579,6.49,-74.4025,,,,,,,
878,Puerto Boyacá,Puerto Boyacá,CO15572,6,-74.41666666666667,,,,,,,
1123,Puerto Caicedo,Puerto Caicedo,CO86569,0.685,-76.60444444444444,,,,,,,
759,Puerto Carreño,Puerto Carreño,CO99001,6.183333333333334,-67.46666666666667,,,,,,,
523,"Puerto Colombia,_Guainía",Puerto Colombia,CO08573,2.6833333333333336,-72.76666666666667,,,,,,,
760,"Puerto Colombia,_Magdalena",Puerto Colombia,CO94884,11.016667,-74.883333,,,,,,,
879,Puerto Concordia,Puerto Concordia,CO50450,2.683333,-72.766667,,,,,,,
880,"Puerto Escondido, Córdoba",Puerto Escondido,CO23574,8.95,-76.25,,,,,,,
524,Puerto Gaitán,Puerto Gaitán,CO50568,4.31417,-72.0825,,,,,,,
761,Puerto Guzmán,Puerto Guzmán,CO86571,0.9666666666666667,-76.58333333333333,,,,,,,
762,Puerto Leguízamo,Puerto Leguízamo,CO86573,-0.1938888888888889,-74.78055555555555,,,,,,,
88,Puerto Libertador,Puerto Libertador,CO23580,7.90667,-75.6733,,,,,,,
0,Puerto Lleras,Puerto Lleras,CO50577,3.2694444444444444,-73.375,,,,,,,
976,"Puerto López, Meta",Puerto López,CO50573,4.083333333333333,-72.96666666666667,,,,,,,
384,Puerto Nare,Puerto Nare,CO05585,6.19167,-74.5867,,,,,,,
763,Puerto Nariño,Puerto Nariño,CO91540,-3.7733333333333334,-70.38194444444444,,,,,,,
137,Puerto Parra,Puerto Parra,CO68573,6.65,-74.06666666666666,,,,,,,
604,"Puerto Rico, Caquetá",Puerto Rico,CO18592,1.91417,-75.145,,,,,,,
7,"Puerto Rico, Meta",Puerto Rico,CO50590,2.9383333333333335,-73.20833333333334,,,,,,,
861,Puerto Rondón,Puerto Rondón,CO81591,6.283333333333333,-71.1,,,,,,,
436,Puerto Salgar,Puerto Salgar,CO25572,5.5,-74.58333333333333,,,,,,,
89,"Puerto Santander, Amazonas",Puerto Santander,CO54553,-0.6191666666666666,-72.38333333333334,,,,,,,
977,"Puerto Santander, Norte de Santander",Puerto Santander,CO91669,8.36361,-72.4075,,,,,,,
605,"Puerto Tejada, Cauca",Puerto Tejada,CO19573,3.25,-76.41666666666667,,,,,,,
817,Puerto Triunfo,Puerto Triunfo,CO05591,5.866666666666667,-74.65,,,,,,,
1059,Puerto Wilches,Puerto Wilches,CO68575,7.35,-73.9,,,,,,,
525,"Pulí, Cundinamarca",Pulí,CO25580,4.683333333333334,-74.71666666666667,,,,,,,
606,Pupiales,Pupiales,CO52585,0.8666666666666667,-77.65,,,,,,,
607,Puracé,Puracé,CO19585,2.25,-76.416667,,,,,,,
497,"Purificación, Tolima",Purificación,CO73585,3.8666666666666667,-74.93333333333334,,,,,,,
896,Purísima,Purísima de la Concepción,CO23586,9.233333333333333,-75.73333333333333,,,,,,,
908,Quebradanegra,Quebradanegra,CO25592,5.1177777777777775,-74.47916666666667,,,,,,,
296,Quetame,Quetame,CO25594,4.330277777777778,-73.86277777777777,,,,,,,
608,Quibdó,Quibdó,CO27001,5.692222222222222,-76.65805555555556,,,,,,,
173,"Quimbaya, Quindío",Quimbaya,CO63594,4.633333333333333,-75.75,,,,,,,
862,Quinchía,Quinchía,CO66594,5.3378499999999995,-75.72964722222223,,,,,,,
297,Quípama,Quípama,CO15580,5.516666666666667,-74.18333333333334,,,,,,,
299,Quipile,Quipile,CO25596,4.743333333333333,-74.56666666666666,,,,,,,
400,"Rafael Uribe Uribe, Bogotá",Rafael Uribe Uribe,NA,4.579722222222222,-74.11749999999999,,,,,,,
90,Ragonvalia,Ragonvalia,CO54599,7.583333333333333,-72.48333333333333,,,,,,,
731,Ramiriquí,Ramiriquí,CO15599,5.4,"-
73.33333333333333",,,,,,,
153,Ráquira,Ráquira,CO15600,5.533333333333333,-73.63333333333334,,,,,,,
764,Recetor,Recetor,CO85279,5.233333333333333,-72.76666666666667,,,,,,,
1099,Regidor,Regidor,CO13580,8.666667,-73.833333,,,,,,,
91,"Remedios, Antioquia",Remedios,CO05604,7.0275,-74.69388888888889,,,,,,,
609,Remolino,Remolino,CO47605,10.666666666666666,-74.58333333333333,,,,,,,
818,Repelón,Repelón,CO08606,10.55,-75.13333333333334,,,,,,,
469,"Restrepo, Meta",Restrepo,CO50606,4.25,-73.5667,,,,,,,
498,"Restrepo, Valle del Cauca",Restrepo,CO76606,3.825,-76.525,,,,,,,
499,"Retiro, Antioquia",Retiro,CO05607,6.057222222222222,-75.5025,,,,,,,
1060,"Ricaurte, Cundinamarca",Ricaurte,CO25612,4.279166666666667,-74.77277777777778,,,,,,,
1100,"Ricaurte, Nariño",Ricaurte,CO52612,1.2108333333333332,-77.99333333333334,,,,,,,
660,"Río de Oro, Cesar",Río de Oro,CO20614,8,-73.5,,,,,,,
92,Río Iró,Río Iró,CO27580,5.18333,-76.4833,,,,,,,
978,Río Quito,Río Quito,CO27600,5.482777777777778,-76.73972222222223,,,,,,,
365,Río Viejo,Río Viejo,CO13600,8.59,-73.8436,,,,,,,
500,Rioblanco,Rioblanco,CO73616,3.5,-75.83333333333333,,,,,,,
366,"Riofrío, Valle del Cauca",Riofrío,CO76616,4.1561111111111115,-76.28777777777778,,,,,,,
700,Riohacha Municipality,Riohacha,CO44001,11.544167, -72.906944,,,,,,,
819,Rionegro,Rionegro,CO05615,6.1535472222222225,-75.37424999999999,,,,,,,
1101,"Rionegro, Santander",Rionegro,CO68615,7.15361,-73.1536,,,,,,,
1061,"Riosucio, Caldas",Riosucio,CO17614,5.420833333333333,-75.7025,,,,,,,
298,"Riosucio, Chocó",Riosucio,CO27615,7.44056,-77.1189,,,,,,,
438,"Risaralda, Caldas",Risaralda,CO17616,5.166666666666667,-75.75,,,,,,,
1062,"Rivera, Huila",Rivera,CO41615,2.78528,-75.2589,,,,,,,
979,Roberto Payán,Roberto Payán,CO52621,1.6966666666666668,-78.24527777777777,,,,,,,
154,Roldanillo,Roldanillo,CO76622,4.416666666666667,-76.15,,,,,,,
93,"Roncesvalles, Tolima",Roncesvalles,CO73622,4.016666666666667,-75.6,,,,,,,
155,"Rondón, Boyacá",Rondón,CO15621,5.356667,-73.208611,,,,,,,
401,"Rosas, Cauca",Rosas,CO19622,2.2666666666666666,-76.75,,,,,,,
732,"Rovira, Tolima",Rovira,CO73624,4.25,-75.33333333333333,,,,,,,
94,Sabana de Torres,Sabana de Torres,CO68655,7.4,-73.5,,,,,,,
300,"Sabanagrande, Atlántico",Sabanagrande,CO08634,10.8,-74.75,,,,,,,
402,"Sabanalarga, Antioquia",Sabanalarga,CO05628,6.853,-75.821,,,,,,,
326,"Sabanalarga, Atlántico",Sabanalarga,CO08638,6.85,-75.81666666666666,,,,,,,
526,"Sabanalarga, Casanare",Sabanalarga,CO85300,4.85361,-73.0431,,,,,,,
701,Sabanas de San Ángel,Sabanas de San Ángel,CO47660,10.0333,-74.2167,,,,,,,
367,"Sabaneta, Antioquia",Sabaneta,CO05631,6.15,-75.6,,,,,,,
733,Saboyá,Saboyá,CO15632,5.7,-73.76666666666667,,,,,,,
863,Sácama,Sácama,CO85315,6.1,-72.25,,,,,,,
897,Sáchica,Sáchica,CO15638,"
5.583333333333333",-73.55,,,,,,,
95,"Sahagún, Córdoba",Sahagún,CO23660,8.95,-75.45,,,,,,,
301,Saladoblanco,Saladoblanco,CO41660,2.0166666666666666,-76.05,,,,,,,
368,"Salamina, Caldas",Salamina,CO17653,5.40833,-75.49,,,,,,,
820,"Salamina, Magdalena",Salamina,CO47675,10.4933,-74.7983,,,,,,,
1015,Salazar de las Palmas,Salazar,CO54660,7.773611111111111,-72.81222222222222,,,,,,,
702,Saldaña,Saldaña,CO73671,3.93472,-75.0203,,,,,,,
471,"Salento, Quindío",Salento,CO63690,4.633333333333333,-75.56666666666666,,,,,,,
96,Salgar,Salgar,CO05642,5.961666666666667,-75.97527777777778,,,,,,,
527,Samacá,Samacá,CO15646,5.5,-73.48333333333333,,,,,,,
912,"Samaná, Caldas",Samaná,CO17662,5.583333333333333,-74.91666666666667,,,,,,,
980,"Samaniego, Nariño",Samaniego,CO52678,1.35,-77.6,,,,,,,
528,Sampués,Sampués,CO70670,9.183333333333334,-75.38333333333334,,,,,,,
610,"San Agustín, Huila",San Agustín,CO41668,1.9,-76.28333333333333,,,,,,,
1063,"San Alberto, Cesar",San Alberto,CO20710,7.7525,-73.3892,,,,,,,
1016,San Andrés de Cuerquia,San Andrés de Cuerquía,CO05647,6.914444444444444,-75.67583333333334,,,,,,,
981,San Andrés de Sotavento,San Andrés de Sotavento,CO23670,9.15,-75.5,,,,,,,
529,"San Andrés, San Andrés y Providencia",San Andrés,CO68669,12.584722222222222,-81.70055555555555,,,,,,,
611,"San Andrés, Santander",San Andrés,CO88001,6.81278,-72.8536,,,,,,,
,Tumaco,San Andrés de Tumaco,CO52835,1.806667,-78.764722,,,,,,,
821,San Antero,San Antero,CO23672,9.383333333333333,-75.75,,,,,,,
864,San Antonio del Tequendama,San Antonio del Tequendama,CO25645,4.632777777777778,-74.35222222222221,,,,,,,
765,"San Antonio, Tolima",San Antonio,CO73675,3.9166666666666665,-75.5,,,,,,,
97,San Benito Abad,San Benito Abad,CO70678,8.933333333333334,-75.03333333333333,,,,,,,
530,"San Benito, Santander",San Benito,CO68673,,,,,,,,,
612,San Bernardo del Viento,San Bernardo del Viento,CO23675,9.35,-75.95,,,,,,,
865,"San Bernardo, Cundinamarca",San Bernardo,CO25649,4.178888888888889,-74.42222222222223,,,,,,,
174,"San Bernardo, Nariño",San Bernardo,CO52685,1.5108333333333333,-77.04666666666667,,,,,,,
206,San Calixto,San Calixto,CO54670,8.4,-73.21666666666667,,,,,,,
472,San Carlos de Guaroa,San Carlos,CO05649,,,,,,,,,
302,"San Carlos, Antioquia",San Carlos,CO23678,6.18972,-74.9969,,,,,,,
207,"San Carlos, Córdoba",San Carlos de Guaroa,CO50680,8.80056,-75.7022,,,,,,,
671,"San Cayetano, Cundinamarca",San Cayetano,CO25653,5.332222222222222,-74.02555555555556,,,,,,,
208,"San Cayetano, Norte de Santander",San Cayetano,CO54673,7.88028,-72.6278,,,,,,,
98,"San Cristóbal, Bogotá",San Cristobal,NA,4.564722222222222,-74.08333333333333,,,,,,,
613,"San Cristóbal, Bolívar",San Cristóbal,CO13620,9.88333,-75.25,,,,,,,
881,"San Diego, Cesar",San Diego,CO20750,10.3375,-73.1825,,,,,,,
982,"San Eduardo, Boyacá",San Eduardo,CO15660,5.2225,-73.07694444444444,,,,,,,
209,"San Estanislao, Bolívar",San Estanislao,CO13647,10.4,-75.15,,,,,,,
99,"San Felipe, Guainía",San Felipe,CO94883,2.90556,-67.0856,,,,,,,
983,"San Fernando, Bolívar",San Fernando,CO13650,9.279722222222222,-74.53388888888888,,,,,,,
100,"San Francisco, Antioquia",San Francisco,CO05652,5.964166666666667,-75.10166666666666,,,,,,,
984,"San Francisco, Cundinamarca",San Francisco,CO25658,4.971111111111111,-74.28916666666666,,,,,,,
303,"San Francisco, Putumayo",San Francisco,CO86755,1.1747222222222222,-76.87972222222221,,,,,,,
531,San Gil,San Gil,CO68679,6.559166666666666,-73.135,,,,,,,
675,"San Jacinto, Bolívar",San Jacinto,CO13654,9.831111,-75.121944,,,,,,,
501,San Jacinto del Cauca,San Jacinto del Cauca,CO13655,8.25,-74.7167,,,,,,,
369,"San Jerónimo, Antioquia",San Jerónimo,CO05656,6.441666666666667,-75.72777777777777,,,,,,,
1017,"San Joaquín, Santander",San Joaquín,CO68682,,,,,,,,,
766,San José de la Montaña,San José de la Montaña,CO05658,7.583333333333333,-72.71666666666667,,,,,,,
948,San José de Miranda,San José de Miranda,CO68684,6.658888888888889,-72.73305555555555,,,,,,,
614,San José de Pare,San José de Pare,CO15664,6.016666666666667,-73.55,,,,,,,
101,San José de Uré,San José de Uré,CO23682,7.783333333333333,-75.53333333333333,,,,,,,
661,San José del Guaviare,San José del Guaviare,CO95001,2.5666666666666664,-72.63333333333334,,,,,,,
210,San José del Palmar,San José del Palmar,CO27660,4.966666666666667,-76.23333333333333,,,,,,,
767,"San José, Caldas",San José,CO17665,5.09,-75.78999999999999,,,,,,,
823,San Jose del Fragua,San José del Fragua,CO18610,1.328611,-75.972778,,,,,,,
304,San Juan Betulia,San Juan Betulia,CO70702,9.27556,-75.2456,,,,,,,
403,San Juan de Arama,San Juan de Arama,CO50683,3.373611,-73.876667,,,,,,,
102,San Juan de Girón,San Juan de Girón,NA,7.070833333333333,-73.17305555555556,,,,,,,
1064,San Juan de Rioseco,San Juan de Rioseco,CO25662,4.8486111111111105,-74.62055555555555,,,,,,,
1018,San Juan de Urabá,San Juan de Urabá,CO05659,8.766666666666666,-76.53333333333333,,,,,,,
211,San Juan del Cesar,San Juan del Cesar,CO44650,10.766666666666666,-73,,,,,,,
473,"San Juan Nepomuceno, Bolívar",San Juan Nepomuceno,CO13657,9.95,-75.08333333333333,,,,,,,
768,"San Juanito, Meta",San Juanito,CO50686,4.45861,-73.6731,,,,,,,
305,"San Lorenzo, Nariño",San Lorenzo,CO52687,1.50389,-77.2178,,,,,,,
306,San Luis de Gaceno,San Luis de Gaceno,CO15667,4.820163888888889,-73.16841666666667,,,,,,,
882,San Luis de Palenque,San Luis de Palenque,CO85325,5.416666666666667,-71.73333333333333,,,,,,,
985,"San Luis, Antioquia",San Luis,CO05660,6.042222222222222,-74.99333333333334,,,,,,,
1019,"San Luis, Tolima",San Luis,CO73678,4.13611,-75.0994,,,,,,,
307,"San Marcos, Sucre",San Marcos,CO70708,8.661111111111111,-75.13472222222222,,,,,,,
212,San Martín de Loba,San Martín,CO20770,8.833333333333334,-73.91666666666667,,,,,,,
824,"San Martín, Cesar",San Martín,CO50689,8.047222222222222,-73.51527777777778,,,,,,,
825,"San Martín, Meta",San Martín de Loba,CO13667,3.69444,-73.6936,,,,,,,
103,"San Mateo, Boyacá",San Mateo,CO15673,6.402500000000001,-72.55499999999999,,,,,,,
104,San Miguel de Sema,San Miguel,CO68686,5.55,-73.75,,,,,,,
1020,"San Miguel, Putumayo",San Miguel,CO86757,0.3436111111111111,-76.91083333333334,,,,,,,
1102,"San Miguel, Santander",San Miguel de Sema,CO15676,6.576111111111111,-72.64583333333334,,,,,,,
105,"San Onofre, Sucre",San Onofre,CO70713,9.733333333333333,-75.53333333333333,,,,,,,
106,San Pablo de Borbur,San Pablo de Borbur,CO15681,5.75,-74.08333333333333,,,,,,,
734,"San Pablo, Bolívar",San Pablo,CO52693,7.4825,-73.92500000000001,,,,,,,
439,"San Pablo, Nariño",San Pablo,CO13670,1.6725,-77.0139,,,,,,,
988,San Pedro de Cartago,San Pedro de Cartago,CO52694,1.5666666666666667,-77.11666666666666,,,,,,,
386,San Pedro de los Milagros,San Pedro de los Milagros,CO05664,6.45,-75.55,,,,,,,
112,San Pedro de Urabá,San Pedro de Urabá,CO05665,8.283333333333333,-76.38333333333334,,,,,,,
737,"San Pedro, Sucre",San Pedro,CO70717,8.73333,-74.7167,,,,,,,
822,"San Pedro, Valle del Cauca",San Pedro,CO76670,4,-76.2292,,,,,,,
735,San Pelayo,San Pelayo,CO23686,8.966667,-75.85,,,,,,,
107,"San Rafael, Antioquia",San Rafael,CO05667,6.2975,-75.0314,,,,,,,
986,"San Roque, Antioquia",San Roque,CO05670,6.485277777777778,"-
75.01972222222223",,,,,,,
213,San Sebastián de Buenavista,San Sebastián de Buenavista,CO47692,9.240277777777777,-74.35555555555555,,,,,,,
515,"San Sebastián, Cauca",San Sebastián,CO19693,,,,,,,,,
199,San Vicente de Chucurí,San Vicente de Chucurí,CO68689,6.883333333333333,-73.41666666666667,,,,,,,
108,San Vicente del Caguán,San Vicente del Caguán,CO18753,"
2.1166666666666667",-74.76666666666667,,,,,,,
175,"San Vicente, Antioquia",San Vicente Ferrer,CO05674,6.281944444444444,-75.33222222222221,,,,,,,
987,San Zenón,San Zenón,CO47703,9.333333333333334,-74.3,,,,,,,
1065,Sandona,Sandoná,CO52683,1.2833333333333332,-77.46666666666667,,,,,,,
156,"Santa Ana, Magdalena",Santa Ana,CO47707,9.319,-74.57,,,,,,,
308,"Santa Bárbara, Antioquia",Santa Bárbara,CO05679,5.874722222222223,-75.56611111111111,,,,,,,
703,"Santa Bárbara, Santander",Santa Bárbara,CO68705,6.990277777777778,-72.90666666666667,,,,,,,
736,"Santa Barbara, Nariño",Santa Bárbara,CO52696,2.44444,-77.9717,,,,,,,
909,"Santa Catalina, Bolívar",Santa Catalina,CO13673,13.388333,-81.373611,,,,,,,
109,Santa Cruz de Lorica,Santa Cruz de Lorica,NA,9.23167,-75.8197,,,,,,,
309,Santa Cruz de Mompox,Santa Cruz de Mompox,NA,9.233333333333333,-74.41666666666667,,,,,,,
215,Santa Fe de Antioquia,Santa Fé de Antioquia,CO05042,6.55,-75.81666666666666,,,,,,,
214,"Santa Fe, Bogotá",Santa Fe de Bogotá,NA,4.613888888888889,-74.0786111111111,,,,,,,
441,Santa Helena del Opón,Santa Helena del Opón,CO68720,6.333333333333333,-73.6,,,,,,,
1124,"Santa Isabel, Tolima",Santa Isabel,CO73686,4.71667,-75.1014,,,,,,,
310,"Santa Lucía, Atlántico",Santa Lucía,CO08675,10.316666666666666,-74.95,,,,,,,
827,"Santa María, Boyacá",Santa María,CO15690,4.859999999999999,-73.26277777777777,,,,,,,
311,"Santa María, Huila",Santa María,CO41676,2.95,-75.65,,,,,,,
440,Santa Marta,Santa Marta,CO47001,11.241944444444444,-74.20527777777778,,,,,,,
866,Santa Rosa de Cabal,Santa Rosa de Cabal,CO66682,4.866666666666667,-75.61666666666666,,,,,,,
883,Santa Rosa de Osos,Santa Rosa de Osos,CO05686,6.65,-75.46666666666667,,,,,,,
110,"Santa Rosa de Viterbo, Boyacá",Santa Rosa de Viterbo,CO15693,5.883333333333333,-72.98333333333333,,,,,,,
910,Santa Rosa del Sur,Santa Rosa del Sur,CO13688,7.966666666666667,-74.05,,,,,,,
828,"Santa Rosa, Bolívar",Santa Rosa,CO13683,10.445555555555556,-75.36861111111111,,,,,,,
138,"Santa Rosa, Cauca",Santa Rosa,CO19701,1.72944,-76.6044,,,,,,,
867,"Santa Rosalía, Vichada",Santa Rosalía,CO99624,5.12611,-70.8758,,,,,,,
615,"Santa Sofía, Boyacá",Santa Sofía,CO15696,5.75,-73.58333333333333,,,,,,,
312,"Santacruz, Nariño",Santacruz,CO52699,1.2219444444444445,-77.67722222222223,,,,,,,
313,"Santana, Boyacá",Santana,CO15686,6.057222222222222,-73.48111111111112,,,,,,,
113,Santander de Quilichao,Santander de Quilichao,CO19698,3.0166666666666666,-76.48333333333333,,,,,,,
616,"Santiago, Norte de Santander",Santiago,CO54680,7.916666666666667,-72.66666666666667,,,,,,,
1103,"Santiago, Putumayo",Santiago,CO86760,1.146944,-77.001111,,,,,,,
314,"Santo Domingo, Antioquia",Santo Domingo,CO05690,6.470833333333333,-75.16583333333334,,,,,,,
617,Santo Tomás,Santo Tomás,CO08685,10.766667,-74.916667,,,,,,,
884,"Santuario, Risaralda",Santuario,CO66687,5.072463888888889,-75.96234722222222,,,,,,,
868,Sapuyes,Sapuyes,CO52720,1.0369444444444444,-77.62138888888889,,,,,,,
442,Saravena,Saravena,CO81736,6.955555555555556,-71.87222222222222,,,,,,,
989,Sardinata,Sardinata,CO54720,8.083333333333334,-72.8,,,,,,,
618,Sasaima,Sasaima,CO25718,4.965,-74.43472222222222,,,,,,,
216,Sativanorte,Sativanorte,CO15720,6.131388888888888,-72.7075,,,,,,,
1021,Sativasur,Sativasur,CO15723,6.083333333333333,-72.73333333333333,,,,,,,
1022,"Segovia, Antioquia",Segovia,CO05736,7.078055555555555,-74.70166666666667,,,,,,,
502,Sesquilé,Sesquilé,CO25736,5.045277777777778,-73.79722222222222,,,,,,,
738,"Sevilla, Valle del Cauca",Sevilla,CO76736,4.26889,-75.9361,,,,,,,
619,Siachoque,Siachoque,CO15740,5.5,-73.23333333333333,,,,,,,
316,Sibaté,Sibaté,CO25740,4.490833333333334,-74.25944444444444,,,,,,,
990,Sibundoy,Sibundoy,CO86749,1.2033333333333334,-76.91916666666667,,,,,,,
317,"Silos, Norte de Santander",Silos,CO54743,7.2,-72.76666666666667,,,,,,,
318,Silvania,Silvania,CO25743,4.403333,-74.388056,,,,,,,
387,"Silvia, Cauca",Silvia,CO19743,2.6166666666666667,-76.38333333333334,,,,,,,
158,Simacota,Simacota,CO68745,6.45,-73.33333333333333,,,,,,,
388,Simijaca,Simijaca,CO25745,5.501944444444445,-73.85194444444444,,,,,,,
319,Simití,Simití,CO13744,7.966666666666667,-73.95,,,,,,,
114,Sincé,San Luis de Sincé,CO70742,9.25,-75.15,,,,,,,
115,Sincelejo,Sincelejo,CO70001,9.295,-75.39611111111111,,,,,,,
217,Sipí,Sipí,CO27745,4.65,-76.48333333333333,,,,,,,
620,Sitionuevo,Sitionuevo,CO47745,10.783333333333333,-74.71666666666667,,,,,,,
320,Soacha,Soacha,CO25754,4.587222222222222,-74.2213888888889,,,,,,,
321,Soatá,Soatá,CO15753,6.333333,-72.666667,,,,,,,
322,Socha,Socha,CO15757,6,-72.66666666666667,,,,,,,
443,"Socorro, Santander",Socorro,CO68755,6.533333333333333,-73.2,,,,,,,
1066,Socotá,Socotá,CO15755,6.05,-72.63333333333334,,,,,,,
704,Sogamoso,Sogamoso,CO15759,5.716666666666667,-72.92083333333333,,,,,,,
176,"Solano, Caquetá",Solano,CO18756,0.6983333333333334,-75.2538888888889,,,,,,,
621,"Soledad, Atlántico",Soledad,CO08758,"
10.916666666666666",-74.75,,,,,,,
445,"Solita, Caquetá",Solita,CO18785,0.8666666666666667,-75.65,,,,,,,
992,Somondoco,Somondoco,CO15761,4.98778,-73.4361,,,,,,,
622,Sonsón,Sonsón,CO05756,5.709722222222222,"-
75.31083333333333",,,,,,,
177,Sopetrán,Sopetrán,CO05761,6.501666666666667,"-
75.74333333333334",,,,,,,
623,Soplaviento,Soplaviento,CO13760,10.333333333333334,-75.1,,,,,,,
370,Sopó,Sopó,CO25758,4.916666666666667,-73.93333333333334,,,,,,,
624,"Sora, Boyacá",Sora,CO15762,5.566666666666666,-73.43333333333334,,,,,,,
323,Soracá,Soracá,CO15764,5.5,-73.31666666666666,,,,,,,
324,Sotaquirá,Sotaquirá,CO15763,5.766666666666667,-73.25,,,,,,,
625,"Sotará, Cauca",Sotará - Paispamba,CO19760,2.25,-76.58333333333333,,,,,,,
325,"Suárez, Tolima",Suárez,CO19780,4.55,-74.833333,,,,,,,
626,"Suárez, Cauca",Suárez,CO73770,2.95889,-76.6953,,,,,,,
503,Suaza,Suaza,CO41770,1.9833333333333334,-75.81666666666666,,,,,,,
474,"Suba, Bogotá",Suba ,NA,4.741,-74.084,,,,,,,
404,Subachoque,Subachoque,CO25769,4.928055555555556,-74.17361111111111,,,,,,,
139,"Sucre, Cauca",Sucre,CO19785,2.03333,-76.9167,,,,,,,
116,"Sucre, Santander",Sucre,CO68773,5.923,-73.795,,,,,,,
829,"Sucre, Sucre",Sucre,CO70771,8.81389,-74.7253,,,,,,,
830,Suesca,Suesca,CO25772,5.1,-73.8,,,,,,,
1115,Sumapaz,Sumapaz,NA,4.26,-74.17833333333334,,,,,,,
8,Supatá,Supatá,CO25777,5.061111111111111,-74.23666666666666,,,,,,,
117,"Supía, Caldas",Supía,CO17777,5.466666666666667,-75.65,,,,,,,
705,San Jose de Suaita,Suaita,CO68770,6.10134,-73.44277,,,,,,,
118,Suan,Suan,CO08770,10.332392,-74.879829,,,,,,,
327,Suratá,Suratá,CO68780,7.366667, -72.983333,,,,,,,
405,"Susa, Cundinamarca",Susa,CO25779,5.452805555555556,-73.81397222222222,,,,,,,
627,Susacón,Susacón,CO15774,6.233333333333333,-72.7,,,,,,,
706,Sutamarchán,Sutamarchán,CO15776,5.6,-73.63333333333334,,,,,,,
628,Sutatausa,Sutatausa,CO25781,5.247222222222223,-73.85249999999999,,,,,,,
739,Sutatenza,Sutatenza,CO15778,5.016666666666667,-73.45,,,,,,,
629,Tabio,Tabio,CO25785,4.9158333333333335,-74.09833333333333,,,,,,,
328,Tadó,Tadó,CO27787,5.266666666666667,-76.56666666666666,,,,,,,
869,Talaigua Nuevo,Talaigua Nuevo,CO13780,9.30694,-74.5686,,,,,,,
707,Tamalameque,Tamalameque,CO20787,8.833333333333334,-73.58333333333333,,,,,,,
708,"Támara, Casanare",Támara,CO85400,5.82972,-72.1633,,,,,,,
178,"Tame, Arauca",Tame,CO81794,6.466666666666667,"-
71.73333333333333",,,,,,,
630,"Támesis, Antioquia",Támesis,CO05789,5.666666666666667,-75.71666666666667,,,,,,,
329,Taminango,Taminango,CO52786,1.5666666666666667,-77.28333333333333,,,,,,,
330,"Tangua, Nariño",Tangua,CO52788,1.1,-77.4,,,,,,,
631,Taraira,Taraira,CO97666,-0.5608333333333334,-69.63361111111112,,,,,,,
870,"Tarapacá, Amazonas",Tarapacá,CO91798,"-2.878888888888889
",-69.74388888888889,,,,,,,
532,Tarazá,Tarazá,CO05790,7.588055555555555,-75.40277777777779,,,,,,,
709,"Tarqui, Huila",Tarqui,CO41791,2.1105555555555555,-75.82305555555556,,,,,,,
446,Tarso,Tarso,CO05792,5.866666666666667,-75.83333333333333,,,,,,,
331,"Tasco, Boyacá",Tasco,CO15790,5.916666666666667,-72.78333333333333,,,,,,,
332,Tauramena,Tauramena,CO85410,5.016666666666667,-72.75,,,,,,,
219,Tausa,Tausa,CO25793,5.196388888888889,-73.8875,,,,,,,
119,"Tello, Huila",Tello,CO41799,3.066666666666667,-75.13333333333334,,,,,,,
333,"Tena, Cundinamarca",Tena,CO25797,4.654722222222222,-74.39,,,,,,,
632,"Tenerife, Magdalena",Tenerife,CO47798,10,-74.66666666666667,,,,,,,
633,Tenjo,Tenjo,CO25799,4.916666666666667,-74.16666666666667,,,,,,,
120,Tenza,Tenza,CO15798,5.083333333333333,"-
73.41666666666667",,,,,,,
871,Teorama,Teorama,CO54800,8.433333333333334,-72.28333333333333,,,,,,,
1023,"Teruel, Huila",Teruel,CO41801,2.75,-75.56666666666666,,,,,,,
1024,Tesalia,Tesalia,CO41797,2.4833333333333334,-75.73333333333333,,,,,,,
994,Teusaquillo,Teusaquillo,NA,4.670555555555556,-74.09305555555555,,,,,,,
634,Tibacuy,Tibacuy,CO25805,4.347222222222222,-74.4525,,,,,,,
448,Tibaná,Tibaná,CO15804,5.316666666666666,-73.4,,,,,,,
1104,Tibasosa,Tibasosa,CO15806,5.833333333333333,-72.96666666666667,,,,,,,
335,Tibiritá,Tibirita,CO25807,5.051111111111111,-73.50416666666666,,,,,,,
406,Tibú,Tibú,CO54810,8.65,-72.73333333333333,,,,,,,
1105,Tierralta,Tierralta,CO23807,7.916666666666667,-76.16666666666667,,,,,,,
160,Timaná,Timaná,CO41807,1.9833333333333334,-75.95,,,,,,,
533,Timbío,Timbío,CO19807,2.3445472222222223,-76.68393888888889,,,,,,,
1106,,Timbiquí,CO19809,2.766667,,,,,,,,
831,Tinjacá,Tinjacá,CO15808,5.566666666666666,-73.65,,,,,,,
336,Tipacoque,Tipacoque,CO15810,6.416666666666667,-72.7,,,,,,,
179,Tiquisio,Tiquisio,CO13810,8.566666666666666,-74.26666666666667,,,,,,,
337,Titiribí,Titiribí,CO05809,6.066666666666666,-75.8,,,,,,,
832,"Toca, Boyacá",Toca,CO15814,5.566666666666666,-73.2,,,,,,,
220,Tocaima,Tocaima,CO25815,4.5,-74.66666666666667,,,,,,,
221,Tocancipá,Tocancipá,CO25817,4.96575,-73.91358333333334,,,,,,,
338,Togüí,Togüí,CO15816,5.9375,-73.513333,,,,,,,
339,"Toledo, Antioquia",Toledo,CO05819,7.01306,-75.6953,,,,,,,
340,"Toledo, Norte de Santander",Toledo,CO54820,7.31306,-72.4875,,,,,,,
635,Tolú,Santiago de Tolú,CO70820,9.533333333333333,"-
75.58333333333333",,,,,,,
636,Toluviejo,San José de Toluviejo,CO70823,9.45,-75.45,,,,,,,
637,"Tona, Santander",Tona,CO68820,7.25,-72.9,,,,,,,
1107,Tópaga,Tópaga,CO15820,5.766667,-72.833333,,,,,,,
638,Topaipí,Topaipí,CO25823,5.333333333333333,-74.3,,,,,,,
504,"Toribío, Cauca",Toribío,CO19821,2.9580555555555557,-76.2713888888889,,,,,,,
505,"Toro, Valle del Cauca",Toro,CO76823,4.611666666666666,-76.08138888888888,,,,,,,
121,"Tota, Boyacá",Tota,CO15822,5.566666666666666,-72.98333333333333,,,,,,,
662,Totoró,Totoró,CO19824,2.583333,-76.333333,,,,,,,
122,"Trinidad, Casanare",Trinidad,CO85430,5.40889,-71.6622,,,,,,,
663,"Trujillo, Valle del Cauca",Trujillo,CO76828,4.25,-76.33333333333333,,,,,,,
180,Tubará,Tubará,CO08832,10.866666666666667,-74.98333333333333,,,,,,,
161,Tuchín,Tuchín,CO23815,9.183333333333334,-75.55,,,,,,,
181,Tuluá,Tuluá,CO76834,4.083333333333333,-76.2,,,,,,,
123,Tumaco,Tumaco,NA,1.8066666666666666,-78.76472222222222,,,,,,,
534,Tunja,Tunja,CO15001,5.533333333333333,-73.36666666666666,,,,,,,
995,Tunjuelito,Tunjuelito,NA,4.582222222222222,-74.13194444444444,,,,,,,
1067,Tununguá,Tununguá,CO15832,5.733333333333333,-73.93333333333334,,,,,,,
475,Túquerres,Túquerres,CO52838,1.0833333333333333,-77.61666666666666,,,,,,,
124,Turbaco,Turbaco,CO13836,10.35,-75.33333333333333,,,,,,,
389,"Turbana, Bolívar",Turbaná,CO13838,10.283333333333333,-75.45,,,,,,,
996,Turbo,Turbo,CO05837,8.1,-76.733333,,,,,,,
1068,Turmequé,Turmequé,CO15835,5.316666666666666,-73.5,,,,,,,
126,"Tuta, Boyacá",Tuta,CO15837,5.7,-73.23333333333333,,,,,,,
640,Tutazá,Tutazá,CO15839,6.05,-72.86666666666666,,,,,,,
343,Ubalá,Ubalá,CO25839,4.743888888888889,-73.53472222222221,,,,,,,
641,Ubaque,Ubaque,CO25841,4.483055555555556,-73.93444444444445,,,,,,,
1108,Ubaté,Villa de San Diego de Ubaté,CO25843,5.307222222222222,-73.81444444444445,,,,,,,
997,"Ulloa, Valle del Cauca",Ulloa,CO76845,4.716666666666667,-75.75,,,,,,,
642,Une,Une,CO25845,4.401944444444445,-74.025,,,,,,,
371,Unguía,Unguía,CO27800,8.05,-77.1,,,,,,,
127,Unión Panamericana,Unión Panamericana,CO27810,5.2813888888888885,-76.63,,,,,,,
1109,Uramita,Uramita,CO05842,6.89944,-76.1742,,,,,,,
872,"Uribia, La Guajira",Uribe,CO50370,11.916666666666666,-72,,,,,,,
344,Urrao,Uribia,CO44847,6.315555555555555,-76.13416666666667,,,,,,,
873,Urumita,Urrao,CO05847,10.566666666666666,-73.01666666666667,,,,,,,
1120,Usaquén,Urumita,CO44855,4.719722222222222,-74.03666666666666,,,,,,,
450,Usiacurí,Usiacurí,CO08849,10.75,-74.98333333333333,,,,,,,
643,Usme,Usme,NA,4.446388888888889,-74.15222222222222,,,,,,,
1069,"Valdivia, Antioquia",Valdivia,CO05854,7.289,-75.398,,,,,,,
372,"Valencia, Córdoba",Valencia,CO23855,8.3,-76.16666666666667,,,,,,,
222,Valle de San José,Valle de San José,CO68855,6.4475,-73.1436,,,,,,,
407,Valle de San Juan,Valle de San Juan,CO73854,4.2,-75.11666666666666,,,,,,,
664,Valle del Guamez,Valle del Guamuez,CO86865,0.425278,-76.905278,,,,,,,
998,Valledupar,Valledupar,CO20001,10.483333333333333,-73.25,,,,,,,
644,"Valparaíso, Antioquia",Valparaíso,CO05856,5.618,-75.629,,,,,,,
1070,"Valparaíso, Caquetá",Valparaíso,CO18860,1.19917,-75.7097,,,,,,,
769,Vegachí,Vegachí,CO05858,6.773056,-74.799444,,,,,,,
710,"Vélez, Santander",Vélez,CO68861,6.0103333333333335,-73.67633331666667,,,,,,,
645,Venadillo,Venadillo,CO73861,4.75,-74.91666666666667,,,,,,,
646,"Venecia, Antioquia",Venecia,CO05861,5.916666666666667,-75.75,,,,,,,
345,"Venecia, Cundinamarca",Venecia,CO25506,4.088611111111111,-74.4775,,,,,,,
770,Ventaquemada,Ventaquemada,CO15861,5.416666666666667,-73.5,,,,,,,
373,"Vergara, Cundinamarca",Vergara,CO25862,5.166666666666667,-74.33333333333333,,,,,,,
647,Versalles,Versalles,CO76863,4.666666666666667,-76.25,,,,,,,
833,Vetas,Vetas,CO68867,7.33333,-72.8667,,,,,,,
129,Vianí,Vianí,CO25867,4.87388888888889,-74.56277777777777,,,,,,,
130,"Victoria, Caldas",Victoria,CO17867,5.416666666666667,-74.83333333333333,,,,,,,
131,Vigía del Fuerte,Vigía del Fuerte,CO05873,6.588888888888889,-76.89583333333334,,,,,,,
408,Vijes,Vijes,CO76869,3.7,-76.45,,,,,,,
1110,Villa Caro,Villa Caro,CO54871,7.91694,-72.9764,,,,,,,
1111,Villa de Leyva,Villa de Leyva,CO15407,"
5.633333333333333",-73.53333333333333,,,,,,,
223,"Villa del Rosario, Norte de Santander",Villa del Rosario,CO54874,7.833888888888889,-72.47416666666666,,,,,,,
999,Villa Fátima,Villa Fátima,NA,0.9727,-69.95,,,,,,,
740,"Villa Rica, Cauca",Villa Rica,CO19845,2.5166666666666666,"-
76.85",,,,,,,
132,Villagarzón,Villagarzón,CO86885,1.029444,-76.616389,,,,,,,
1112,Villagómez,Villagómez,CO25871,5.283333333333333,-74.2,,,,,,,
346,"Villahermosa, Tolima",Villahermosa,CO73870,5,-75.16666666666667,,,,,,,
648,"Villamaría, Caldas",Villamaría,CO17873,5,-75.5,,,,,,,
649,"Villanueva, Bolívar",Villanueva,CO13873,10.4456,-75.2761,,,,,,,
741,"Villanueva, Casanare",Villanueva,CO85440,4.608736111111111,-72.92879166666667,,,,,,,
,"Villanueva, La Guajira",Villanueva,CO44874,10.6,-72.98333333333333,,,,,,,
,"Villanueva, Santander",Villanueva,CO68872,6.67417,-73.1778,,,,,,,
,Villapinzón,Villapinzón,CO25873,5.216666666666667,-73.6,,,,,,,
,"Villarrica, Tolima",Villarrica,CO73873,4,-74.58333333333333,,,,,,,
,Villavicencio,Villavicencio,CO50001,4.15,-73.63333333333334,,,,,,,
,"Villavieja, Huila",Villavieja,CO41872,3.216666666666667,-75.21666666666667,,,,,,,
,"Villeta, Cundinamarca",Villeta,CO25875,5.008308333333333,-74.47378055555556,,,,,,,
,Viotá,Viotá,CO25878,4.438055555555556,-74.52388888888889,,,,,,,
,Viracachá,Viracachá,CO15879,5.433333333333334,-73.3,,,,,,,
,"Vista Hermosa, Meta",Vistahermosa,CO50711,3.1238888888888887,-73.75138888888888,,,,,,,
,"Viterbo, Caldas",Viterbo,CO17877,5.066666666666666,-75.88333333333334,,,,,,,
,Yacopí,Yacopí,CO25885,5.466666666666667,-74.33333333333333,,,,,,,
,Yacuanquer,Yacuanquer,CO52885,1.1166666666666667,-77.4,,,,,,,
,Yaguará,Yaguará,CO41885,2.66611,-75.5186,,,,,,,
,Yavaraté,Yavaraté,CO97889,0.616667,-69.2,,,,,,,
,Yarumal,Yarumal,CO05887,7,-75.5,,,,,,,
,Yalí,Yalí,CO05885,6.676667,-74.841111,,,,,,,
,Yolombó,Yolombó,CO05890,6.597777777777777,-75.01222222222222,,,,,,,
,Yondó,Yondó,CO05893,7,-73.91666666666667,,,,,,,
,Yopal,Yopal,CO85001,5.35,-72.41000000000001,,,,,,,
,Yotoco,Yotoco,CO76890,3.8666666666666667,-76.38333333333334,,,,,,,
,Yumbo,Yumbo,CO76892,3.585,-76.4958,,,,,,,
,"Zambrano, Bolívar",Zambrano,CO13894,9.75,-74.83333333333333,,,,,,,
,Zapatoca,Zapatoca,CO68895,6.816666666666666,-73.26666666666667,,,,,,,
,Zapayán,Zapayán,CO47960,10.1708,-74.7194,,,,,,,
,"Zaragoza, Antioquia",Zaragoza,CO05895,7.494,-74.871,,,,,,,
,Zarzal,Zarzal,CO76895,4.3983333333333325,-76.07722222222222,,,,,,,
,Zetaquirá,Zetaquira,CO15897,5.35,-73.16666666666667,,,,,,,
,Zipacón,Zipacón,CO25898,4.76,-74.37972222222221,,,,,,,
,Zipaquirá,Zipaquirá,CO25899,5.033333333333333,-74,,,,,,,
,"Zona Bananera, Magdalena",Zona Bananera,CO47980,10.7647,-74.1586,,,,,,,